reference,planning-application,document-url,documentation-url,name,replaces,public-register-status
2012_2584-doc-001,2012/2584,,https://developmentandhousing.hackney.gov.uk/planning/index.html?fa=getApplication&id=21400,DECISION NOTICE,,publish
2012_2584-doc-002,2012/2584,,https://developmentandhousing.hackney.gov.uk/planning/index.html?fa=getApplication&id=21400,SCHEDULE OF AREAS PER PLOT,,publish
2012_2584-doc-003,2012/2584,,https://developmentandhousing.hackney.gov.uk/planning/index.html?fa=getApplication&id=21400,PLANNING DESIGN AND ACCESS STATEMENT_PAGES,,publish
2012_2584-doc-004,2012/2584,,https://developmentandhousing.hackney.gov.uk/planning/index.html?fa=getApplication&id=21400,121022_LIGHT SPECIFICATIONS,,publish
2012_2584-doc-005,2012/2584,,https://developmentandhousing.hackney.gov.uk/planning/index.html?fa=getApplication&id=21400,ACCOMODATION SCHEDULE PER PLOT,,publish
2012_2584-doc-006,2012/2584,,https://developmentandhousing.hackney.gov.uk/planning/index.html?fa=getApplication&id=21400,120806_198_A_DIR_01_STAGE A_P_DRAWING ISSUE REGISTER,,publish
2012_2584-doc-007,2012/2584,,https://developmentandhousing.hackney.gov.uk/planning/index.html?fa=getApplication&id=21400,120806_SECTION MAIN ROAD,,publish
2012_2584-doc-008,2012/2584,,https://developmentandhousing.hackney.gov.uk/planning/index.html?fa=getApplication&id=21400,SECTIONS,,publish
2012_2584-doc-009,2012/2584,,https://developmentandhousing.hackney.gov.uk/planning/index.html?fa=getApplication&id=21400,SERIES SECTIONS,,publish
2012_2584-doc-010,2012/2584,,https://developmentandhousing.hackney.gov.uk/planning/index.html?fa=getApplication&id=21400,PLANNING DESIGN AND ACCESS STATEMENT_PAGES,,publish
2012_2584-doc-011,2012/2584,,https://developmentandhousing.hackney.gov.uk/planning/index.html?fa=getApplication&id=21400,ELEVATIONS,,publish
2012_2584-doc-012,2012/2584,,https://developmentandhousing.hackney.gov.uk/planning/index.html?fa=getApplication&id=21400,120806_PEDESTRIAN ROAD EAST JUNCTION,,publish
2012_2584-doc-013,2012/2584,,https://developmentandhousing.hackney.gov.uk/planning/index.html?fa=getApplication&id=21400,120806_PUBLIC REALM OVERVIEW,,publish
2012_2584-doc-014,2012/2584,,https://developmentandhousing.hackney.gov.uk/planning/index.html?fa=getApplication&id=21400,PLANNING DESIGN AND ACCESS STATEMENT_PAGES,,publish
2012_2584-doc-015,2012/2584,,https://developmentandhousing.hackney.gov.uk/planning/index.html?fa=getApplication&id=21400,DETAILS,,publish
2012_2584-doc-016,2012/2584,,https://developmentandhousing.hackney.gov.uk/planning/index.html?fa=getApplication&id=21400,LANDSCAPE DRAWINGS,,publish
2012_2584-doc-017,2012/2584,,https://developmentandhousing.hackney.gov.uk/planning/index.html?fa=getApplication&id=21400,120806_SECTIONS NEIGHBOURHOOD STREETS,,publish
2012_2584-doc-018,2012/2584,,https://developmentandhousing.hackney.gov.uk/planning/index.html?fa=getApplication&id=21400,PLANS,,publish
2012_2584-doc-019,2012/2584,,https://developmentandhousing.hackney.gov.uk/planning/index.html?fa=getApplication&id=21400,SERIES PLANS,,publish
2012_2584-doc-020,2012/2584,,https://developmentandhousing.hackney.gov.uk/planning/index.html?fa=getApplication&id=21400,APPLICATION FORM,,publish
2012_2584-doc-021,2012/2584,,https://developmentandhousing.hackney.gov.uk/planning/index.html?fa=getApplication&id=21400,120806_PEDESTRIAN ROAD WEST JUNCTION,,publish
2012_2584-doc-022,2012/2584,,https://developmentandhousing.hackney.gov.uk/planning/index.html?fa=getApplication&id=21400,CSH_PRE_ASSESSMENT_ESTIMATOR,,publish
2012_2584-doc-023,2012/2584,,https://developmentandhousing.hackney.gov.uk/planning/index.html?fa=getApplication&id=21400,120806_PHASE 2 MATERIAL OVERVIEW,,publish
2012_2584-doc-024,2012/2584,,https://developmentandhousing.hackney.gov.uk/planning/index.html?fa=getApplication&id=21400,120806_SECTIONS PEDESTRIAN STREETS,,publish
2012_2584-doc-025,2012/2584,,https://developmentandhousing.hackney.gov.uk/planning/index.html?fa=getApplication&id=21400,DAYLIGHT&& SUNLIGHT AND OVERSHADOWING REPORT,,publish
2012_2584-doc-026,2012/2584,,https://developmentandhousing.hackney.gov.uk/planning/index.html?fa=getApplication&id=21400,DRAWING ISSUE SHEET,,publish
2012_2584-doc-027,2012/2584,,https://developmentandhousing.hackney.gov.uk/planning/index.html?fa=getApplication&id=21400,OFFICER REPORT,,publish
2012_2584-doc-028,2012/2584,,https://developmentandhousing.hackney.gov.uk/planning/index.html?fa=getApplication&id=21400,PLANNING DESIGN AND ACCESS STATEMENT_PAGES,,publish
2012_2584-doc-029,2012/2584,,https://developmentandhousing.hackney.gov.uk/planning/index.html?fa=getApplication&id=21400,PLANNING DESIGN AND ACCESS STATEMENT_PAGES,,publish
2012_2584-doc-030,2012/2584,,https://developmentandhousing.hackney.gov.uk/planning/index.html?fa=getApplication&id=21400,SERIES DETAILS,,publish
2012_2584-doc-031,2012/2584,,https://developmentandhousing.hackney.gov.uk/planning/index.html?fa=getApplication&id=21400,SERIES ELEVATIONS,,publish
2012_2584-doc-032,2012/2584,,https://developmentandhousing.hackney.gov.uk/planning/index.html?fa=getApplication&id=21400,PLANNING DESIGN AND ACCESS STATEMENT_PAGES,,publish
2012_2584-doc-033,2012/2584,,https://developmentandhousing.hackney.gov.uk/planning/index.html?fa=getApplication&id=21400,120806_SECTION COURTYARD,,publish
2012_2584-doc-034,2012/2584,,https://developmentandhousing.hackney.gov.uk/planning/index.html?fa=getApplication&id=21400,PLANNING DESIGN AND ACCESS STATEMENT_PAGES,,publish
2012_2584-doc-035,2012/2584,,https://developmentandhousing.hackney.gov.uk/planning/index.html?fa=getApplication&id=21400,DESIGN AND ACCESS STATEMENT,,publish
2012_2584-doc-036,2012/2584,,https://developmentandhousing.hackney.gov.uk/planning/index.html?fa=getApplication&id=21400,SERIES DETAILS A1,,publish
2012_2584-doc-037,2012/2584,,https://developmentandhousing.hackney.gov.uk/planning/index.html?fa=getApplication&id=21400,AFFORDABLE HOUSING STATEMENT,,publish
2020_2026-document-application-form-redacted,2020/2026,,https://developmentandhousing.hackney.gov.uk/planning/index.html?fa=getApplication&id=85297,ApplicationFormRedacted,,
2020_2026-document-decision-notice,2020/2026,,https://developmentandhousing.hackney.gov.uk/planning/index.html?fa=getApplication&id=85297,Decision-Notice,,
2020_2026-document-existing-and-proposed-elevations,2020/2026,,https://developmentandhousing.hackney.gov.uk/planning/index.html?fa=getApplication&id=85297,Existing-and-Proposed-Elevations,,
2020_2026-document-existing-and-proposed-ground-floor-plan,2020/2026,,https://developmentandhousing.hackney.gov.uk/planning/index.html?fa=getApplication&id=85297,Existing-and-Proposed-Ground-Floor-Plan,,
2020_2026-document-location-plan,2020/2026,,https://developmentandhousing.hackney.gov.uk/planning/index.html?fa=getApplication&id=85297,Location-Plan,,
2023_1428-doc-001,2023/1428/P,,https://camdocs.camden.gov.uk/CMWebDrawer/PlanRec?q=recContainer:%222023/1428/P%22,ApplicationFormRedacted.pdf,,publish
2023_1428-doc-002,2023/1428/P,,https://camdocs.camden.gov.uk/CMWebDrawer/PlanRec?q=recContainer:%222023/1428/P%22,Site Location Plan(1).PDF.PDF.pdf,,publish
2023_1428-doc-003,2023/1428/P,,https://camdocs.camden.gov.uk/CMWebDrawer/PlanRec?q=recContainer:%222023/1428/P%22,The_location_plan_included_in_Block plan of the site.pdf,,publish
2023_1428-doc-004,2023/1428/P,,https://camdocs.camden.gov.uk/CMWebDrawer/PlanRec?q=recContainer:%222023/1428/P%22,Covering Letter.pdf,,publish
2023_1428-doc-005,2023/1428/P,,https://camdocs.camden.gov.uk/CMWebDrawer/PlanRec?q=recContainer:%222023/1428/P%22,Decision Notice,,publish
2025_1674-doc-001,2025/1674,,https://developmentandhousing.hackney.gov.uk/planning/index.html?fa=getApplication&id=83318,DNF-Full Planning Granted Final,,publish
2025_1674-doc-002,2025/1674,,https://developmentandhousing.hackney.gov.uk/planning/index.html?fa=getApplication&id=83318,A: S04,,publish
2025_1674-doc-003,2025/1674,,https://developmentandhousing.hackney.gov.uk/planning/index.html?fa=getApplication&id=83318,A: 202,,publish
2025_1674-doc-004,2025/1674,,https://developmentandhousing.hackney.gov.uk/planning/index.html?fa=getApplication&id=83318,AE: 202,,publish
2025_1674-doc-005,2025/1674,,https://developmentandhousing.hackney.gov.uk/planning/index.html?fa=getApplication&id=83318,Officer Report,,publish
2025_1674-doc-006,2025/1674,,https://developmentandhousing.hackney.gov.uk/planning/index.html?fa=getApplication&id=83318,A:906 1,,publish
2025_1674-doc-007,2025/1674,,https://developmentandhousing.hackney.gov.uk/planning/index.html?fa=getApplication&id=83318,A:901 1,,publish
2025_1674-doc-008,2025/1674,,https://developmentandhousing.hackney.gov.uk/planning/index.html?fa=getApplication&id=83318,A:511 1,,publish
2025_1674-doc-009,2025/1674,,https://developmentandhousing.hackney.gov.uk/planning/index.html?fa=getApplication&id=83318,A:510 1,,publish
2025_1674-doc-010,2025/1674,,https://developmentandhousing.hackney.gov.uk/planning/index.html?fa=getApplication&id=83318,A:302 1,,publish
2025_1674-doc-011,2025/1674,,https://developmentandhousing.hackney.gov.uk/planning/index.html?fa=getApplication&id=83318,A:301,,publish
2025_1674-doc-012,2025/1674,,https://developmentandhousing.hackney.gov.uk/planning/index.html?fa=getApplication&id=83318,A:B02,,publish
2025_1674-doc-013,2025/1674,,https://developmentandhousing.hackney.gov.uk/planning/index.html?fa=getApplication&id=83318,A:S03,,publish
2025_1674-doc-014,2025/1674,,https://developmentandhousing.hackney.gov.uk/planning/index.html?fa=getApplication&id=83318,A:105,,publish
2025_1674-doc-015,2025/1674,,https://developmentandhousing.hackney.gov.uk/planning/index.html?fa=getApplication&id=83318,A:106,,publish
2025_1674-doc-016,2025/1674,,https://developmentandhousing.hackney.gov.uk/planning/index.html?fa=getApplication&id=83318,A:104,,publish
2025_1674-doc-017,2025/1674,,https://developmentandhousing.hackney.gov.uk/planning/index.html?fa=getApplication&id=83318,A:103,,publish
2025_1674-doc-018,2025/1674,,https://developmentandhousing.hackney.gov.uk/planning/index.html?fa=getApplication&id=83318,A:102,,publish
2025_1674-doc-019,2025/1674,,https://developmentandhousing.hackney.gov.uk/planning/index.html?fa=getApplication&id=83318,A:107,,publish
2025_1674-doc-020,2025/1674,,https://developmentandhousing.hackney.gov.uk/planning/index.html?fa=getApplication&id=83318,77-Stoke-Newington-Church-St-Window-details,,publish
2025_1674-doc-021,2025/1674,,https://developmentandhousing.hackney.gov.uk/planning/index.html?fa=getApplication&id=83318,77 Stoke Newington Church St_Site Plan.pdf,,publish
2025_1674-doc-022,2025/1674,,https://developmentandhousing.hackney.gov.uk/planning/index.html?fa=getApplication&id=83318,77 Stoke Newington Church St_LGF Existing.pdf,,publish
2025_1674-doc-023,2025/1674,,https://developmentandhousing.hackney.gov.uk/planning/index.html?fa=getApplication&id=83318,77 Stoke Newington Church St_LGF Demolition.pdf,,publish
2025_1674-doc-024,2025/1674,,https://developmentandhousing.hackney.gov.uk/planning/index.html?fa=getApplication&id=83318,77 Stoke Newington Church St_LGF Proposed.pdf,,publish
2025_1674-doc-025,2025/1674,,https://developmentandhousing.hackney.gov.uk/planning/index.html?fa=getApplication&id=83318,77 Stoke Newington Church St_First Floor Existing.pdf,,publish
2025_1674-doc-026,2025/1674,,https://developmentandhousing.hackney.gov.uk/planning/index.html?fa=getApplication&id=83318,77 Stoke Newington Church St_First Floor Demolition.pdf,,publish
2025_1674-doc-027,2025/1674,,https://developmentandhousing.hackney.gov.uk/planning/index.html?fa=getApplication&id=83318,77 Stoke Newington Church St_Second Floor Existing.pdf,,publish
2025_1674-doc-028,2025/1674,,https://developmentandhousing.hackney.gov.uk/planning/index.html?fa=getApplication&id=83318,77 Stoke Newington Church St_Second Floor Demolition.pdf,,publish
2025_1674-doc-029,2025/1674,,https://developmentandhousing.hackney.gov.uk/planning/index.html?fa=getApplication&id=83318,77 Stoke Newington Church St_Mansard Floor Existing.pdf,,publish
2025_1674-doc-030,2025/1674,,https://developmentandhousing.hackney.gov.uk/planning/index.html?fa=getApplication&id=83318,77 Stoke Newington Church St_Mansard Floor Demolition.pdf,,publish
2025_1674-doc-031,2025/1674,,https://developmentandhousing.hackney.gov.uk/planning/index.html?fa=getApplication&id=83318,77 Stoke Newington Church St_Mansard Floor Proposed.pdf,,publish
2025_1674-doc-032,2025/1674,,https://developmentandhousing.hackney.gov.uk/planning/index.html?fa=getApplication&id=83318,77 Stoke Newington Church St_Existing Roof Plan.pdf,,publish
2025_1674-doc-033,2025/1674,,https://developmentandhousing.hackney.gov.uk/planning/index.html?fa=getApplication&id=83318,77 Stoke Newington Church St_Existing Front Elev.pdf,,publish
2025_1674-doc-034,2025/1674,,https://developmentandhousing.hackney.gov.uk/planning/index.html?fa=getApplication&id=83318,77 Stoke Newington Church St_Proposed Front Elev.pdf,,publish
2025_1674-doc-035,2025/1674,,https://developmentandhousing.hackney.gov.uk/planning/index.html?fa=getApplication&id=83318,77 Stoke Newington Church St_Existing Rear Elev.pdf,,publish
2025_1674-doc-036,2025/1674,,https://developmentandhousing.hackney.gov.uk/planning/index.html?fa=getApplication&id=83318,77 Stoke Newington Church St_Existing Sect A.pdf,,publish
2025_1674-doc-037,2025/1674,,https://developmentandhousing.hackney.gov.uk/planning/index.html?fa=getApplication&id=83318,77 Stoke Newington Church St_Proposed Sect A.pdf,,publish
2025_1674-doc-038,2025/1674,,https://developmentandhousing.hackney.gov.uk/planning/index.html?fa=getApplication&id=83318,77 Stoke Newington Church St_Existing Sect B.pdf,,publish
2025_1674-doc-039,2025/1674,,https://developmentandhousing.hackney.gov.uk/planning/index.html?fa=getApplication&id=83318,77 Stoke Newington Church St_Proposed Sect B.pdf,,publish
2025_1674-doc-040,2025/1674,,https://developmentandhousing.hackney.gov.uk/planning/index.html?fa=getApplication&id=83318,77 Stoke Newington Church St_Window Schedule 1.pdf,,publish
2025_1674-doc-041,2025/1674,,https://developmentandhousing.hackney.gov.uk/planning/index.html?fa=getApplication&id=83318,77 Stoke Newington Church St_Window Schedule 2.pdf,,publish
2025_1674-doc-042,2025/1674,,https://developmentandhousing.hackney.gov.uk/planning/index.html?fa=getApplication&id=83318,77 Stoke Newington Church St_Cornices.pdf,,publish
2025_1674-doc-043,2025/1674,,https://developmentandhousing.hackney.gov.uk/planning/index.html?fa=getApplication&id=83318,77 Church Street Draft Heritage Statement.pdf,,publish
2025_1674-doc-044,2025/1674,,https://developmentandhousing.hackney.gov.uk/planning/index.html?fa=getApplication&id=83318,77 SNCS - CL Additional Information Form 1.pdf,,publish
2025_1674-doc-045,2025/1674,,https://developmentandhousing.hackney.gov.uk/planning/index.html?fa=getApplication&id=83318,77 Stoke Newington Church St - Design Access Statement .pdf,,publish
2025_1674-doc-046,2025/1674,,https://developmentandhousing.hackney.gov.uk/planning/index.html?fa=getApplication&id=83318,SiteLocation.geojson,,publish
2025_1674-doc-047,2025/1674,,https://developmentandhousing.hackney.gov.uk/planning/index.html?fa=getApplication&id=83318,LocationPlan.pdf,,publish
2026_0692-doc-001,2026/0692,,https://developmentandhousing.hackney.gov.uk/planning/index.html?fa=getApplication&id=85205,DN-Non-Material Amendment Granted,,publish
2026_0692-doc-002,2026/0692,,https://developmentandhousing.hackney.gov.uk/planning/index.html?fa=getApplication&id=85205,Officer Report,,publish
2026_0692-doc-003,2026/0692,,https://developmentandhousing.hackney.gov.uk/planning/index.html?fa=getApplication&id=85205,77 - NMA -Location plan .pdf,,publish
2026_0692-doc-004,2026/0692,,https://developmentandhousing.hackney.gov.uk/planning/index.html?fa=getApplication&id=85205,Non-Material Amendment - Supporting Statement.pdf,,publish
2026_0692-doc-005,2026/0692,,https://developmentandhousing.hackney.gov.uk/planning/index.html?fa=getApplication&id=85205,ApplicationFormRedacted.pdf,,publish
DC_15_092295-document-register-001,DC/15/092295,,https://planning.lewisham.gov.uk/online-applications/applicationDetails.do?activeTab=documents&keyVal=_LEWIS_DCAPR_79281,"Committee Report — Committee Report, published 2025-02-20",,publish
DC_15_092295-document-register-002,DC/15/092295,,https://planning.lewisham.gov.uk/online-applications/applicationDetails.do?activeTab=documents&keyVal=_LEWIS_DCAPR_79281,"Delegated panel report — drawing/reference: Officer report — Case Copy Documents, published 2022-11-14",,publish
DC_15_092295-document-register-003,DC/15/092295,,https://planning.lewisham.gov.uk/online-applications/applicationDetails.do?activeTab=documents&keyVal=_LEWIS_DCAPR_79281,"Deed of variation marketing plot 2 strategy — Section 106 Agreements, published 2021-05-25",,publish
DC_15_092295-document-register-004,DC/15/092295,,https://planning.lewisham.gov.uk/online-applications/applicationDetails.do?activeTab=documents&keyVal=_LEWIS_DCAPR_79281,"Section 106 agreement — Case Copy Documents, published 2019-09-03",,publish
DC_15_092295-document-register-005,DC/15/092295,,https://planning.lewisham.gov.uk/online-applications/applicationDetails.do?activeTab=documents&keyVal=_LEWIS_DCAPR_79281,"Revised landscape plan — drawing/reference: _‘Vga-dept-xxx-90-ls-001 — Revised Document, published 2017-08-14",,publish
DC_15_092295-document-register-006,DC/15/092295,,https://planning.lewisham.gov.uk/online-applications/applicationDetails.do?activeTab=documents&keyVal=_LEWIS_DCAPR_79281,"S106 1/4 agreement — drawing/reference: 23/03/2016 — Section 106 Agreements, published 2016-04-08",,publish
DC_15_092295-document-register-007,DC/15/092295,,https://planning.lewisham.gov.uk/online-applications/applicationDetails.do?activeTab=documents&keyVal=_LEWIS_DCAPR_79281,"S106 2/4 agreement — drawing/reference: 23/03/2016 — Section 106 Agreements, published 2016-04-08",,publish
DC_15_092295-document-register-008,DC/15/092295,,https://planning.lewisham.gov.uk/online-applications/applicationDetails.do?activeTab=documents&keyVal=_LEWIS_DCAPR_79281,"S106 3/4 agreement — drawing/reference: 23/03/2016 — Section 106 Agreements, published 2016-04-08",,publish
DC_15_092295-document-register-009,DC/15/092295,,https://planning.lewisham.gov.uk/online-applications/applicationDetails.do?activeTab=documents&keyVal=_LEWIS_DCAPR_79281,"S106 4/4 agreement — drawing/reference: 23/03/2016 — Section 106 Agreements, published 2016-04-08",,publish
DC_15_092295-document-register-010,DC/15/092295,,https://planning.lewisham.gov.uk/online-applications/applicationDetails.do?activeTab=documents&keyVal=_LEWIS_DCAPR_79281,"Decision notice — Decision, published 2016-03-24",,publish
DC_15_092295-document-register-011,DC/15/092295,,https://planning.lewisham.gov.uk/online-applications/applicationDetails.do?activeTab=documents&keyVal=_LEWIS_DCAPR_79281,"Demolition and remediation information pack — Case Copy Documents, published 2015-10-28",,publish
DC_15_092295-document-register-012,DC/15/092295,,https://planning.lewisham.gov.uk/online-applications/applicationDetails.do?activeTab=documents&keyVal=_LEWIS_DCAPR_79281,"Addendum to affordable housing statement — Case Copy Documents, published 2015-10-19",,publish
DC_15_092295-document-register-013,DC/15/092295,,https://planning.lewisham.gov.uk/online-applications/applicationDetails.do?activeTab=documents&keyVal=_LEWIS_DCAPR_79281,"Deptford wharves revised es nts september 2015 — drawing/reference: Environmental statement nts — Case Copy Documents, published 2015-09-22",,publish
DC_15_092295-document-register-014,DC/15/092295,,https://planning.lewisham.gov.uk/online-applications/applicationDetails.do?activeTab=documents&keyVal=_LEWIS_DCAPR_79281,"Deptford wharves second es addendum september 2015 — drawing/reference: Environmental statement second addendum — Case Copy Documents, published 2015-09-22",,publish
DC_15_092295-document-register-015,DC/15/092295,,https://planning.lewisham.gov.uk/online-applications/applicationDetails.do?activeTab=documents&keyVal=_LEWIS_DCAPR_79281,"Further assessment information transport — Case Copy Documents, published 2015-08-27",,publish
DC_15_092295-document-register-016,DC/15/092295,,https://planning.lewisham.gov.uk/online-applications/applicationDetails.do?activeTab=documents&keyVal=_LEWIS_DCAPR_79281,"Covering letter - 2015 august — Case Copy Documents, published 2015-08-10",,publish
DC_15_092295-document-register-017,DC/15/092295,,https://planning.lewisham.gov.uk/online-applications/applicationDetails.do?activeTab=documents&keyVal=_LEWIS_DCAPR_79281,"Scheule 1 - revised description of development — Case Copy Documents, published 2015-08-10",,publish
DC_15_092295-document-register-018,DC/15/092295,,https://planning.lewisham.gov.uk/online-applications/applicationDetails.do?activeTab=documents&keyVal=_LEWIS_DCAPR_79281,"Schedule 2 - application drawings — drawing/reference: Scheule 2 - application drawings — Case Copy Documents, published 2015-08-10",,publish
DC_15_092295-document-register-019,DC/15/092295,,https://planning.lewisham.gov.uk/online-applications/applicationDetails.do?activeTab=documents&keyVal=_LEWIS_DCAPR_79281,"Revised cil form — Case Copy Documents, published 2015-08-10",,publish
DC_15_092295-document-register-020,DC/15/092295,,https://planning.lewisham.gov.uk/online-applications/applicationDetails.do?activeTab=documents&keyVal=_LEWIS_DCAPR_79281,"Existing building schedule — Case Copy Documents, published 2015-08-10",,publish
DC_15_092295-document-register-021,DC/15/092295,,https://planning.lewisham.gov.uk/online-applications/applicationDetails.do?activeTab=documents&keyVal=_LEWIS_DCAPR_79281,"Addendum to design and access statement volume 1 - architect — Case Copy Documents, published 2015-08-10",,publish
DC_15_092295-document-register-022,DC/15/092295,,https://planning.lewisham.gov.uk/online-applications/applicationDetails.do?activeTab=documents&keyVal=_LEWIS_DCAPR_79281,"Addendum to design and access statement volume 2 - landscape — Case Copy Documents, published 2015-08-10",,publish
DC_15_092295-document-register-023,DC/15/092295,,https://planning.lewisham.gov.uk/online-applications/applicationDetails.do?activeTab=documents&keyVal=_LEWIS_DCAPR_79281,"Revised plot 1 detailed accommodation schedule — Case Copy Documents, published 2015-08-10",,publish
DC_15_092295-document-register-024,DC/15/092295,,https://planning.lewisham.gov.uk/online-applications/applicationDetails.do?activeTab=documents&keyVal=_LEWIS_DCAPR_79281,"Revised plot 1 detailed unit schedule — Case Copy Documents, published 2015-08-10",,publish
DC_15_092295-document-register-025,DC/15/092295,,https://planning.lewisham.gov.uk/online-applications/applicationDetails.do?activeTab=documents&keyVal=_LEWIS_DCAPR_79281,"Revised plot 1 detailed unit summary — Case Copy Documents, published 2015-08-10",,publish
DC_15_092295-document-register-026,DC/15/092295,,https://planning.lewisham.gov.uk/online-applications/applicationDetails.do?activeTab=documents&keyVal=_LEWIS_DCAPR_79281,"Site wide area rev | summary — Case Copy Documents, published 2015-08-10",,publish
DC_15_092295-document-register-027,DC/15/092295,,https://planning.lewisham.gov.uk/online-applications/applicationDetails.do?activeTab=documents&keyVal=_LEWIS_DCAPR_79281,"Summary das schedule - revised — Case Copy Documents, published 2015-08-10",,publish
DC_15_092295-document-register-028,DC/15/092295,,https://planning.lewisham.gov.uk/online-applications/applicationDetails.do?activeTab=documents&keyVal=_LEWIS_DCAPR_79281,"Site wide unit plot1plot3 revised summary — Case Copy Documents, published 2015-08-10",,publish
DC_15_092295-document-register-029,DC/15/092295,,https://planning.lewisham.gov.uk/online-applications/applicationDetails.do?activeTab=documents&keyVal=_LEWIS_DCAPR_79281,"Site wide unit - revised summary — Case Copy Documents, published 2015-08-10",,publish
DC_15_092295-document-register-030,DC/15/092295,,https://planning.lewisham.gov.uk/online-applications/applicationDetails.do?activeTab=documents&keyVal=_LEWIS_DCAPR_79281,"Revised landscape masterplan — drawing/reference: Vga-dept-01-90-ls-001-plot 1 landscape masterplan — Case Copy Drawings, published 2015-08-10",,publish
DC_15_092295-document-register-031,DC/15/092295,,https://planning.lewisham.gov.uk/online-applications/applicationDetails.do?activeTab=documents&keyVal=_LEWIS_DCAPR_79281,"Vga-dept-01-94-ls-001-plot 1 planting plan ground floor — Case Copy Drawings, published 2015-08-10",,publish
DC_15_092295-document-register-032,DC/15/092295,,https://planning.lewisham.gov.uk/online-applications/applicationDetails.do?activeTab=documents&keyVal=_LEWIS_DCAPR_79281,"Vga-dept-01-94-ls-002-plot 1 planting plan podium roof — Case Copy Drawings, published 2015-08-10",,publish
DC_15_092295-document-register-033,DC/15/092295,,https://planning.lewisham.gov.uk/online-applications/applicationDetails.do?activeTab=documents&keyVal=_LEWIS_DCAPR_79281,"Vga-dept-01-97-ls-001-plot 1 materiality and furniture plan ground floor — Case Copy Drawings, published 2015-08-10",,publish
DC_15_092295-document-register-034,DC/15/092295,,https://planning.lewisham.gov.uk/online-applications/applicationDetails.do?activeTab=documents&keyVal=_LEWIS_DCAPR_79281,"Vga-dept-01-97-ls-002-plot 1 materiality and furniture podium — Case Copy Drawings, published 2015-08-10",,publish
DC_15_092295-document-register-035,DC/15/092295,,https://planning.lewisham.gov.uk/online-applications/applicationDetails.do?activeTab=documents&keyVal=_LEWIS_DCAPR_79281,"Vga-dept-xxx-90-ls-001 site wide landscape masterplan — drawing/reference: Vga-dept-xxx-90-Is-001 site wide landscape masterplan — Case Copy Drawings, published 2015-08-10",,publish
DC_15_092295-document-register-036,DC/15/092295,,https://planning.lewisham.gov.uk/online-applications/applicationDetails.do?activeTab=documents&keyVal=_LEWIS_DCAPR_79281,"Vga-dept-xxx-90-schedule — Case Copy Drawings, published 2015-08-10",,publish
DC_15_092295-document-register-037,DC/15/092295,,https://planning.lewisham.gov.uk/online-applications/applicationDetails.do?activeTab=documents&keyVal=_LEWIS_DCAPR_79281,"01c-06-tpy-007 typology block c 1 of 4 apartment — drawing/reference: 01c-06-tpy-007 typology blockc1 of apartment 4 — Case Copy Drawings, published 2015-08-10",,publish
DC_15_092295-document-register-038,DC/15/092295,,https://planning.lewisham.gov.uk/online-applications/applicationDetails.do?activeTab=documents&keyVal=_LEWIS_DCAPR_79281,"01c-06-tpy-008 typology block c 2 of 4 apartment — drawing/reference: 01c-06-tpy-008 typology block c 2 of apartment 4 — Case Copy Drawings, published 2015-08-10",,publish
DC_15_092295-document-register-039,DC/15/092295,,https://planning.lewisham.gov.uk/online-applications/applicationDetails.do?activeTab=documents&keyVal=_LEWIS_DCAPR_79281,"01c-06-tpy-009 typology block c 3 of 4 apartment — drawing/reference: 01c-06-tpy-009 typology block c 3 of apartment 4 — Case Copy Drawings, published 2015-08-10",,publish
DC_15_092295-document-register-040,DC/15/092295,,https://planning.lewisham.gov.uk/online-applications/applicationDetails.do?activeTab=documents&keyVal=_LEWIS_DCAPR_79281,"01c-06-tpy-010 typology block c 4 of 4 apartment — drawing/reference: 01c-06-tpy-010 typology block c 4 of apartment 4 — Case Copy Drawings, published 2015-08-10",,publish
DC_15_092295-document-register-041,DC/15/092295,,https://planning.lewisham.gov.uk/online-applications/applicationDetails.do?activeTab=documents&keyVal=_LEWIS_DCAPR_79281,"Block c bay study 1 - cladding and glazed type balcony detail — Case Copy Drawings, published 2015-08-10",,publish
DC_15_092295-document-register-042,DC/15/092295,,https://planning.lewisham.gov.uk/online-applications/applicationDetails.do?activeTab=documents&keyVal=_LEWIS_DCAPR_79281,"Block c bay study 2 - cladding types — Case Copy Drawings, published 2015-08-10",,publish
DC_15_092295-document-register-043,DC/15/092295,,https://planning.lewisham.gov.uk/online-applications/applicationDetails.do?activeTab=documents&keyVal=_LEWIS_DCAPR_79281,"Block c bay study 3 - cladding and framed types glazed balcony — drawing/reference: Block c bay study 3 - cladding and framed __ types glazed balcony — Case Copy Drawings, published 2015-08-10",,publish
DC_15_092295-document-register-044,DC/15/092295,,https://planning.lewisham.gov.uk/online-applications/applicationDetails.do?activeTab=documents&keyVal=_LEWIS_DCAPR_79281,"Block c bay study 4 - cladding and typical type window — Case Copy Drawings, published 2015-08-10",,publish
DC_15_092295-document-register-045,DC/15/092295,,https://planning.lewisham.gov.uk/online-applications/applicationDetails.do?activeTab=documents&keyVal=_LEWIS_DCAPR_79281,"Block c bay study 5 - cladding type — Case Copy Drawings, published 2015-08-10",,publish
DC_15_092295-document-register-046,DC/15/092295,,https://planning.lewisham.gov.uk/online-applications/applicationDetails.do?activeTab=documents&keyVal=_LEWIS_DCAPR_79281,"Block c bay study 6 - residential entrance — Case Copy Drawings, published 2015-08-10",,publish
DC_15_092295-document-register-047,DC/15/092295,,https://planning.lewisham.gov.uk/online-applications/applicationDetails.do?activeTab=documents&keyVal=_LEWIS_DCAPR_79281,"Hok0204829-01-ele-001 street ne grove elevation — Case Copy Drawings, published 2015-08-10",,publish
DC_15_092295-document-register-048,DC/15/092295,,https://planning.lewisham.gov.uk/online-applications/applicationDetails.do?activeTab=documents&keyVal=_LEWIS_DCAPR_79281,"Hok0204829-01-ele-002 - dragoon road - se elevation — Case Copy Drawings, published 2015-08-10",,publish
DC_15_092295-document-register-049,DC/15/092295,,https://planning.lewisham.gov.uk/online-applications/applicationDetails.do?activeTab=documents&keyVal=_LEWIS_DCAPR_79281,"Hok0204829-01-ele-003 - victoria street - nw elevation — Case Copy Drawings, published 2015-08-10",,publish
DC_15_092295-document-register-050,DC/15/092295,,https://planning.lewisham.gov.uk/online-applications/applicationDetails.do?activeTab=documents&keyVal=_LEWIS_DCAPR_79281,"Hok0204829-01-ele-004 - sw elevation — Case Copy Drawings, published 2015-08-10",,publish
DC_15_092295-document-register-051,DC/15/092295,,https://planning.lewisham.gov.uk/online-applications/applicationDetails.do?activeTab=documents&keyVal=_LEWIS_DCAPR_79281,"Hok0204829-01-ele-005 - sw elevation — Case Copy Drawings, published 2015-08-10",,publish
DC_15_092295-document-register-052,DC/15/092295,,https://planning.lewisham.gov.uk/online-applications/applicationDetails.do?activeTab=documents&keyVal=_LEWIS_DCAPR_79281,"Hok0204829-01-ele-006 - nw elevation — Case Copy Drawings, published 2015-08-10",,publish
DC_15_092295-document-register-053,DC/15/092295,,https://planning.lewisham.gov.uk/online-applications/applicationDetails.do?activeTab=documents&keyVal=_LEWIS_DCAPR_79281,"Hok0204829-01-ele-007 - ne elevation — Case Copy Drawings, published 2015-08-10",,publish
DC_15_092295-document-register-054,DC/15/092295,,https://planning.lewisham.gov.uk/online-applications/applicationDetails.do?activeTab=documents&keyVal=_LEWIS_DCAPR_79281,"Hok0204829-01-ele-008 - se elevation — Case Copy Drawings, published 2015-08-10",,publish
DC_15_092295-document-register-055,DC/15/092295,,https://planning.lewisham.gov.uk/online-applications/applicationDetails.do?activeTab=documents&keyVal=_LEWIS_DCAPR_79281,"Plot 1 revised ground and car parking plan — Case Copy Drawings, published 2015-08-10",,publish
DC_15_092295-document-register-056,DC/15/092295,,https://planning.lewisham.gov.uk/online-applications/applicationDetails.do?activeTab=documents&keyVal=_LEWIS_DCAPR_79281,"Plot 1 revised level 1 and car park plan — Case Copy Drawings, published 2015-08-10",,publish
DC_15_092295-document-register-057,DC/15/092295,,https://planning.lewisham.gov.uk/online-applications/applicationDetails.do?activeTab=documents&keyVal=_LEWIS_DCAPR_79281,"Plot 1 revised level 2 podium — Case Copy Drawings, published 2015-08-10",,publish
DC_15_092295-document-register-058,DC/15/092295,,https://planning.lewisham.gov.uk/online-applications/applicationDetails.do?activeTab=documents&keyVal=_LEWIS_DCAPR_79281,"Plot 1 revised level 3 — Case Copy Drawings, published 2015-08-10",,publish
DC_15_092295-document-register-059,DC/15/092295,,https://planning.lewisham.gov.uk/online-applications/applicationDetails.do?activeTab=documents&keyVal=_LEWIS_DCAPR_79281,"Plot 1 revised level 4 — Case Copy Drawings, published 2015-08-10",,publish
DC_15_092295-document-register-060,DC/15/092295,,https://planning.lewisham.gov.uk/online-applications/applicationDetails.do?activeTab=documents&keyVal=_LEWIS_DCAPR_79281,"Plot 1 revised level 5 — Case Copy Drawings, published 2015-08-10",,publish
DC_15_092295-document-register-061,DC/15/092295,,https://planning.lewisham.gov.uk/online-applications/applicationDetails.do?activeTab=documents&keyVal=_LEWIS_DCAPR_79281,"Plot 1 revised level 6 — Case Copy Drawings, published 2015-08-10",,publish
DC_15_092295-document-register-062,DC/15/092295,,https://planning.lewisham.gov.uk/online-applications/applicationDetails.do?activeTab=documents&keyVal=_LEWIS_DCAPR_79281,"Plot 1 revised level 6 — Case Copy Drawings, published 2015-08-10",,publish
DC_15_092295-document-register-063,DC/15/092295,,https://planning.lewisham.gov.uk/online-applications/applicationDetails.do?activeTab=documents&keyVal=_LEWIS_DCAPR_79281,"Plot 1 revised level 7 — Case Copy Drawings, published 2015-08-10",,publish
DC_15_092295-document-register-064,DC/15/092295,,https://planning.lewisham.gov.uk/online-applications/applicationDetails.do?activeTab=documents&keyVal=_LEWIS_DCAPR_79281,"Plot 1 revised level 8 — Case Copy Drawings, published 2015-08-10",,publish
DC_15_092295-document-register-065,DC/15/092295,,https://planning.lewisham.gov.uk/online-applications/applicationDetails.do?activeTab=documents&keyVal=_LEWIS_DCAPR_79281,"Plot 1 revised level 9 — Case Copy Drawings, published 2015-08-10",,publish
DC_15_092295-document-register-066,DC/15/092295,,https://planning.lewisham.gov.uk/online-applications/applicationDetails.do?activeTab=documents&keyVal=_LEWIS_DCAPR_79281,"Plot 1 revised level 10 — Case Copy Drawings, published 2015-08-10",,publish
DC_15_092295-document-register-067,DC/15/092295,,https://planning.lewisham.gov.uk/online-applications/applicationDetails.do?activeTab=documents&keyVal=_LEWIS_DCAPR_79281,"Plot 1 revised level 11 — Case Copy Drawings, published 2015-08-10",,publish
DC_15_092295-document-register-068,DC/15/092295,,https://planning.lewisham.gov.uk/online-applications/applicationDetails.do?activeTab=documents&keyVal=_LEWIS_DCAPR_79281,"Plot 1 revised level 12 — Case Copy Drawings, published 2015-08-10",,publish
DC_15_092295-document-register-069,DC/15/092295,,https://planning.lewisham.gov.uk/online-applications/applicationDetails.do?activeTab=documents&keyVal=_LEWIS_DCAPR_79281,"Plot 1 revised level 13 — Case Copy Drawings, published 2015-08-10",,publish
DC_15_092295-document-register-070,DC/15/092295,,https://planning.lewisham.gov.uk/online-applications/applicationDetails.do?activeTab=documents&keyVal=_LEWIS_DCAPR_79281,"Plot 1 revised level 14 — Case Copy Drawings, published 2015-08-10",,publish
DC_15_092295-document-register-071,DC/15/092295,,https://planning.lewisham.gov.uk/online-applications/applicationDetails.do?activeTab=documents&keyVal=_LEWIS_DCAPR_79281,"Plot 1 revised level 15 — Case Copy Drawings, published 2015-08-10",,publish
DC_15_092295-document-register-072,DC/15/092295,,https://planning.lewisham.gov.uk/online-applications/applicationDetails.do?activeTab=documents&keyVal=_LEWIS_DCAPR_79281,"Plot 1 revised level 16 — Case Copy Drawings, published 2015-08-10",,publish
DC_15_092295-document-register-073,DC/15/092295,,https://planning.lewisham.gov.uk/online-applications/applicationDetails.do?activeTab=documents&keyVal=_LEWIS_DCAPR_79281,"Plot 1 revised level 17 — Case Copy Drawings, published 2015-08-10",,publish
DC_15_092295-document-register-074,DC/15/092295,,https://planning.lewisham.gov.uk/online-applications/applicationDetails.do?activeTab=documents&keyVal=_LEWIS_DCAPR_79281,"Plot 1 revised level 18 — Case Copy Drawings, published 2015-08-10",,publish
DC_15_092295-document-register-075,DC/15/092295,,https://planning.lewisham.gov.uk/online-applications/applicationDetails.do?activeTab=documents&keyVal=_LEWIS_DCAPR_79281,"Plot 1 revised level 19 — Case Copy Drawings, published 2015-08-10",,publish
DC_15_092295-document-register-076,DC/15/092295,,https://planning.lewisham.gov.uk/online-applications/applicationDetails.do?activeTab=documents&keyVal=_LEWIS_DCAPR_79281,"Plot 1 revised level 20 — Case Copy Drawings, published 2015-08-10",,publish
DC_15_092295-document-register-077,DC/15/092295,,https://planning.lewisham.gov.uk/online-applications/applicationDetails.do?activeTab=documents&keyVal=_LEWIS_DCAPR_79281,"Plot 1 revised level 21 — Case Copy Drawings, published 2015-08-10",,publish
DC_15_092295-document-register-078,DC/15/092295,,https://planning.lewisham.gov.uk/online-applications/applicationDetails.do?activeTab=documents&keyVal=_LEWIS_DCAPR_79281,"Plot 1 revised level 22 — Case Copy Drawings, published 2015-08-10",,publish
DC_15_092295-document-register-079,DC/15/092295,,https://planning.lewisham.gov.uk/online-applications/applicationDetails.do?activeTab=documents&keyVal=_LEWIS_DCAPR_79281,"Plot 1 revised level 23 — Case Copy Drawings, published 2015-08-10",,publish
DC_15_092295-document-register-080,DC/15/092295,,https://planning.lewisham.gov.uk/online-applications/applicationDetails.do?activeTab=documents&keyVal=_LEWIS_DCAPR_79281,"Plot 1 revised roof plan — Case Copy Drawings, published 2015-08-10",,publish
DC_15_092295-document-register-081,DC/15/092295,,https://planning.lewisham.gov.uk/online-applications/applicationDetails.do?activeTab=documents&keyVal=_LEWIS_DCAPR_79281,"Plot 1 revised section a-a — Case Copy Drawings, published 2015-08-10",,publish
DC_15_092295-document-register-082,DC/15/092295,,https://planning.lewisham.gov.uk/online-applications/applicationDetails.do?activeTab=documents&keyVal=_LEWIS_DCAPR_79281,"Plot 1 revised section a-a — drawing/reference: Plot 1 revised section b-b — Case Copy Drawings, published 2015-08-10",,publish
DC_15_092295-document-register-083,DC/15/092295,,https://planning.lewisham.gov.uk/online-applications/applicationDetails.do?activeTab=documents&keyVal=_LEWIS_DCAPR_79281,"Plot 1 revised podium section street grove — Case Copy Drawings, published 2015-08-10",,publish
DC_15_092295-document-register-084,DC/15/092295,,https://planning.lewisham.gov.uk/online-applications/applicationDetails.do?activeTab=documents&keyVal=_LEWIS_DCAPR_79281,"Site elevations — drawing/reference: Hkb-dept-mp-06-ele-001 — Case Copy Drawings, published 2015-08-10",,publish
DC_15_092295-document-register-085,DC/15/092295,,https://planning.lewisham.gov.uk/online-applications/applicationDetails.do?activeTab=documents&keyVal=_LEWIS_DCAPR_79281,"Site elevations — drawing/reference: Hkb-dept-mp-06-ele-002 — Case Copy Drawings, published 2015-08-10",,publish
DC_15_092295-document-register-086,DC/15/092295,,https://planning.lewisham.gov.uk/online-applications/applicationDetails.do?activeTab=documents&keyVal=_LEWIS_DCAPR_79281,"Site elevations — drawing/reference: Hkb-dept-mp-06-ele-003 — Case Copy Drawings, published 2015-08-10",,publish
DC_15_092295-document-register-087,DC/15/092295,,https://planning.lewisham.gov.uk/online-applications/applicationDetails.do?activeTab=documents&keyVal=_LEWIS_DCAPR_79281,"Site elevations — drawing/reference: Hkb-dept-mp-06-ele-004 — Case Copy Drawings, published 2015-08-10",,publish
DC_15_092295-document-register-088,DC/15/092295,,https://planning.lewisham.gov.uk/online-applications/applicationDetails.do?activeTab=documents&keyVal=_LEWIS_DCAPR_79281,"Roof level masterplan — drawing/reference: Hkb-dept-mp-06-sit-001 — Case Copy Drawings, published 2015-08-10",,publish
DC_15_092295-document-register-089,DC/15/092295,,https://planning.lewisham.gov.uk/online-applications/applicationDetails.do?activeTab=documents&keyVal=_LEWIS_DCAPR_79281,"Proposed site wide ground floor plan — drawing/reference: Hkb-dept-mp-06-sit-002 — Case Copy Drawings, published 2015-08-10",,publish
DC_15_092295-document-register-090,DC/15/092295,,https://planning.lewisham.gov.uk/online-applications/applicationDetails.do?activeTab=documents&keyVal=_LEWIS_DCAPR_79281,"Proposed site wide first floor plan — drawing/reference: Hkb-dept-mp-06-sit-003 — Case Copy Drawings, published 2015-08-10",,publish
DC_15_092295-document-register-091,DC/15/092295,,https://planning.lewisham.gov.uk/online-applications/applicationDetails.do?activeTab=documents&keyVal=_LEWIS_DCAPR_79281,"Proposed site wide second floor plan — drawing/reference: Hkb-dept-mp-06-sit-004 — Case Copy Drawings, published 2015-08-10",,publish
DC_15_092295-document-register-092,DC/15/092295,,https://planning.lewisham.gov.uk/online-applications/applicationDetails.do?activeTab=documents&keyVal=_LEWIS_DCAPR_79281,"Environmental statement adendum — Case Copy Drawings, published 2015-08-10",,publish
DC_15_092295-document-register-093,DC/15/092295,,https://planning.lewisham.gov.uk/online-applications/applicationDetails.do?activeTab=documents&keyVal=_LEWIS_DCAPR_79281,"Esa ecology peregrine locations tray — drawing/reference: _ Esa ecology peregrine locations tray — Case Copy Drawings, published 2015-08-10",,publish
DC_15_092295-document-register-094,DC/15/092295,,https://planning.lewisham.gov.uk/online-applications/applicationDetails.do?activeTab=documents&keyVal=_LEWIS_DCAPR_79281,"Esa 3a -daylight and sunlight existing and app proposed — Case Copy Drawings, published 2015-08-10",,publish
DC_15_092295-document-register-095,DC/15/092295,,https://planning.lewisham.gov.uk/online-applications/applicationDetails.do?activeTab=documents&keyVal=_LEWIS_DCAPR_79281,"Esa 3b daylight and sunlight and app receptors contours — drawing/reference: Esa 3b daylight and sunlight and —_ app receptors contours — Case Copy Drawings, published 2015-08-10",,publish
DC_15_092295-document-register-096,DC/15/092295,,https://planning.lewisham.gov.uk/online-applications/applicationDetails.do?activeTab=documents&keyVal=_LEWIS_DCAPR_79281,"Esa 3c daylight and sunlight results table app — Case Copy Drawings, published 2015-08-10",,publish
DC_15_092295-document-register-097,DC/15/092295,,https://planning.lewisham.gov.uk/online-applications/applicationDetails.do?activeTab=documents&keyVal=_LEWIS_DCAPR_79281,"Esa 4 - tvia technical appendicies app — Case Copy Drawings, published 2015-08-10",,publish
DC_15_092295-document-register-098,DC/15/092295,,https://planning.lewisham.gov.uk/online-applications/applicationDetails.do?activeTab=documents&keyVal=_LEWIS_DCAPR_79281,"Bay study block 2a — drawing/reference: — Hkb-dept-02-06-bay-001 rev 2 — Revised Document, published 2015-06-15",,publish
DC_15_092295-document-register-099,DC/15/092295,,https://planning.lewisham.gov.uk/online-applications/applicationDetails.do?activeTab=documents&keyVal=_LEWIS_DCAPR_79281,"Bay study block 2b — drawing/reference: —_Hkb-dept-02-06-bay-002 rev 2 — Revised Document, published 2015-06-15",,publish
DC_15_092295-document-register-100,DC/15/092295,,https://planning.lewisham.gov.uk/online-applications/applicationDetails.do?activeTab=documents&keyVal=_LEWIS_DCAPR_79281,"Bay study block 2d 1.0 — drawing/reference: —_Hkb-dept-02-06-bay-003 rev 2 — Revised Document, published 2015-06-15",,publish
DC_15_092295-document-register-101,DC/15/092295,,https://planning.lewisham.gov.uk/online-applications/applicationDetails.do?activeTab=documents&keyVal=_LEWIS_DCAPR_79281,"Bay study block 2d 2.0 — drawing/reference: —_Hkb-dept-02-06-bay-004 rev 2 — Revised Document, published 2015-06-15",,publish
DC_15_092295-document-register-102,DC/15/092295,,https://planning.lewisham.gov.uk/online-applications/applicationDetails.do?activeTab=documents&keyVal=_LEWIS_DCAPR_79281,"Bay study block 2c — drawing/reference: — Hkb-dept-02-06-bay-005 rev 2 — Revised Document, published 2015-06-15",,publish
DC_15_092295-document-register-103,DC/15/092295,,https://planning.lewisham.gov.uk/online-applications/applicationDetails.do?activeTab=documents&keyVal=_LEWIS_DCAPR_79281,"Floor plan 21 — drawing/reference: —-Hok-204829-01-06-121-022 rev 2 — Revised Document, published 2015-06-15",,publish
DC_15_092295-document-register-104,DC/15/092295,,https://planning.lewisham.gov.uk/online-applications/applicationDetails.do?activeTab=documents&keyVal=_LEWIS_DCAPR_79281,"Floor plan level 22 — drawing/reference: —=-Hok-204829-01-06-122-023 rev 2 — Revised Document, published 2015-06-15",,publish
DC_15_092295-document-register-105,DC/15/092295,,https://planning.lewisham.gov.uk/online-applications/applicationDetails.do?activeTab=documents&keyVal=_LEWIS_DCAPR_79281,"Floor plan level 23 — drawing/reference: —=-Hok-204829-01-06-123-024 rev 2 — Revised Document, published 2015-06-15",,publish
DC_15_092295-document-register-106,DC/15/092295,,https://planning.lewisham.gov.uk/online-applications/applicationDetails.do?activeTab=documents&keyVal=_LEWIS_DCAPR_79281,"Second floor plan ga — drawing/reference: — Hkb-dept-02-06-102-001 rev 2 — Revised Document, published 2015-06-15",,publish
DC_15_092295-document-register-107,DC/15/092295,,https://planning.lewisham.gov.uk/online-applications/applicationDetails.do?activeTab=documents&keyVal=_LEWIS_DCAPR_79281,"Third floor plan ga — drawing/reference: — Hkb-dept-02-06-103-001 rev 2 — Revised Document, published 2015-06-15",,publish
DC_15_092295-document-register-108,DC/15/092295,,https://planning.lewisham.gov.uk/online-applications/applicationDetails.do?activeTab=documents&keyVal=_LEWIS_DCAPR_79281,"Fourth floor plan ga — drawing/reference: — Hkb-dept-02-06-104-001 rev 2 — Revised Document, published 2015-06-15",,publish
DC_15_092295-document-register-109,DC/15/092295,,https://planning.lewisham.gov.uk/online-applications/applicationDetails.do?activeTab=documents&keyVal=_LEWIS_DCAPR_79281,"Fifth floor plan ga — drawing/reference: — Hkb-dept-02-06-105-001 rev 2 — Revised Document, published 2015-06-15",,publish
DC_15_092295-document-register-110,DC/15/092295,,https://planning.lewisham.gov.uk/online-applications/applicationDetails.do?activeTab=documents&keyVal=_LEWIS_DCAPR_79281,"Sixth floor plan ga — drawing/reference: — Hkb-dept-02-06-106-001 rev 2 — Revised Document, published 2015-06-15",,publish
DC_15_092295-document-register-111,DC/15/092295,,https://planning.lewisham.gov.uk/online-applications/applicationDetails.do?activeTab=documents&keyVal=_LEWIS_DCAPR_79281,"Bay study 3a — drawing/reference: — Hkb-dept-03-06-bay-001 rev 2 — Revised Document, published 2015-06-15",,publish
DC_15_092295-document-register-112,DC/15/092295,,https://planning.lewisham.gov.uk/online-applications/applicationDetails.do?activeTab=documents&keyVal=_LEWIS_DCAPR_79281,"Bay study 3b — drawing/reference: —_Hkb-dept-03-06-bay-002 rev 2 — Revised Document, published 2015-06-15",,publish
DC_15_092295-document-register-113,DC/15/092295,,https://planning.lewisham.gov.uk/online-applications/applicationDetails.do?activeTab=documents&keyVal=_LEWIS_DCAPR_79281,"Bay study 3d — drawing/reference: —_Hkb-dept-03-06-bay-003 rev 2 — Revised Document, published 2015-06-15",,publish
DC_15_092295-document-register-114,DC/15/092295,,https://planning.lewisham.gov.uk/online-applications/applicationDetails.do?activeTab=documents&keyVal=_LEWIS_DCAPR_79281,"Existing site elevation- dragoon road — drawing/reference: — Hkb-dept-ex-06-ele-001 rev 2 — Revised Document, published 2015-06-15",,publish
DC_15_092295-document-register-115,DC/15/092295,,https://planning.lewisham.gov.uk/online-applications/applicationDetails.do?activeTab=documents&keyVal=_LEWIS_DCAPR_79281,"Existing site elevation- evelyn street — drawing/reference: —_Hkb-dept-ex-06-ele-002 rev 2 — Revised Document, published 2015-06-15",,publish
DC_15_092295-document-register-116,DC/15/092295,,https://planning.lewisham.gov.uk/online-applications/applicationDetails.do?activeTab=documents&keyVal=_LEWIS_DCAPR_79281,"Existing site elevation- street grove — drawing/reference: — Hkb-dept-ex-06-ele-003 rev 2 — Revised Document, published 2015-06-15",,publish
DC_15_092295-document-register-117,DC/15/092295,,https://planning.lewisham.gov.uk/online-applications/applicationDetails.do?activeTab=documents&keyVal=_LEWIS_DCAPR_79281,"Existing site elevation- oxestalls road — drawing/reference: — Hkb-dept-ex-06-ele-004 rev 2 — Revised Document, published 2015-06-15",,publish
DC_15_092295-document-register-118,DC/15/092295,,https://planning.lewisham.gov.uk/online-applications/applicationDetails.do?activeTab=documents&keyVal=_LEWIS_DCAPR_79281,"Existing floor plans- voctoria pub — drawing/reference: — Hkb-dept-ex-06-sit-005 rev 2 — Revised Document, published 2015-06-15",,publish
DC_15_092295-document-register-119,DC/15/092295,,https://planning.lewisham.gov.uk/online-applications/applicationDetails.do?activeTab=documents&keyVal=_LEWIS_DCAPR_79281,"Existing elevations and section- voctoria pub — drawing/reference: — Hkb-dept-ex-06-sit-006 rev 2 — Revised Document, published 2015-06-15",,publish
DC_15_092295-document-register-120,DC/15/092295,,https://planning.lewisham.gov.uk/online-applications/applicationDetails.do?activeTab=documents&keyVal=_LEWIS_DCAPR_79281,"Site elevations — drawing/reference: —=_Hkb-dept-mp-06-ele-001 rev 2 — Revised Document, published 2015-06-15",,publish
DC_15_092295-document-register-121,DC/15/092295,,https://planning.lewisham.gov.uk/online-applications/applicationDetails.do?activeTab=documents&keyVal=_LEWIS_DCAPR_79281,"Site elevations — drawing/reference: —=_Hkb-dept-mp-06-ele-002 rev 2 — Revised Document, published 2015-06-15",,publish
DC_15_092295-document-register-122,DC/15/092295,,https://planning.lewisham.gov.uk/online-applications/applicationDetails.do?activeTab=documents&keyVal=_LEWIS_DCAPR_79281,"Site elevations — drawing/reference: —=_Hkb-dept-mp-06-ele-003 rev 2 — Revised Document, published 2015-06-15",,publish
DC_15_092295-document-register-123,DC/15/092295,,https://planning.lewisham.gov.uk/online-applications/applicationDetails.do?activeTab=documents&keyVal=_LEWIS_DCAPR_79281,"Site elevations — drawing/reference: —=_Hkb-dept-mp-06-ele-004 rev 2 — Revised Document, published 2015-06-15",,publish
DC_15_092295-document-register-124,DC/15/092295,,https://planning.lewisham.gov.uk/online-applications/applicationDetails.do?activeTab=documents&keyVal=_LEWIS_DCAPR_79281,"Proposed development zones plan — drawing/reference: — Hkb-dept-pa-sit-06-001 — Revised Document, published 2015-06-15",,publish
DC_15_092295-document-register-125,DC/15/092295,,https://planning.lewisham.gov.uk/online-applications/applicationDetails.do?activeTab=documents&keyVal=_LEWIS_DCAPR_79281,"Block a- typical bay study 7- cladding e type — drawing/reference: —=Hok-204829-01a-06-bay-007 rev 2 — Revised Document, published 2015-06-15",,publish
DC_15_092295-document-register-126,DC/15/092295,,https://planning.lewisham.gov.uk/online-applications/applicationDetails.do?activeTab=documents&keyVal=_LEWIS_DCAPR_79281,"Blocks a & b- bay study 8- cladding e and type metal balcony detail — drawing/reference: —_Hok-204829-01ab-06-bay-008 rev 2 — Revised Document, published 2015-06-15",,publish
DC_15_092295-document-register-127,DC/15/092295,,https://planning.lewisham.gov.uk/online-applications/applicationDetails.do?activeTab=documents&keyVal=_LEWIS_DCAPR_79281,"Block b- bay study 9- cladding e and retail typpe design — drawing/reference: —=Hok-204829-01b-06-bay-009 rev 2 — Revised Document, published 2015-06-15",,publish
DC_15_092295-document-register-128,DC/15/092295,,https://planning.lewisham.gov.uk/online-applications/applicationDetails.do?activeTab=documents&keyVal=_LEWIS_DCAPR_79281,"Block b- bay study 10- residential & retail enteries- cladding type e — drawing/reference: —=Hok-204829-01b-06-bay-010 rev 2 — Revised Document, published 2015-06-15",,publish
DC_15_092295-document-register-129,DC/15/092295,,https://planning.lewisham.gov.uk/online-applications/applicationDetails.do?activeTab=documents&keyVal=_LEWIS_DCAPR_79281,"Block c - bay study 1- cladding a and glazed type balcony detail — drawing/reference: —Hok-204829-01c-06-bay-001 rev 2 — Revised Document, published 2015-06-15",,publish
DC_15_092295-document-register-130,DC/15/092295,,https://planning.lewisham.gov.uk/online-applications/applicationDetails.do?activeTab=documents&keyVal=_LEWIS_DCAPR_79281,"Block c- bay study 2- cladding d type — drawing/reference: —Hok-204829-01c-06-bay-002 rev 2 — Revised Document, published 2015-06-15",,publish
DC_15_092295-document-register-131,DC/15/092295,,https://planning.lewisham.gov.uk/online-applications/applicationDetails.do?activeTab=documents&keyVal=_LEWIS_DCAPR_79281,"Block c- bay study 3- cladding a and framed type glazed balcony detail — drawing/reference: —Hok-204829-01c-06-bay-003 rev 2 — Revised Document, published 2015-06-15",,publish
DC_15_092295-document-register-132,DC/15/092295,,https://planning.lewisham.gov.uk/online-applications/applicationDetails.do?activeTab=documents&keyVal=_LEWIS_DCAPR_79281,"Block c- bay study 4- cladding d and typical type window detail — drawing/reference: —=-Hok-204829-01c-06-bay-004 rev 2 — Revised Document, published 2015-06-15",,publish
DC_15_092295-document-register-133,DC/15/092295,,https://planning.lewisham.gov.uk/online-applications/applicationDetails.do?activeTab=documents&keyVal=_LEWIS_DCAPR_79281,"Block c- bay study 5- cladding a and d type — drawing/reference: —Hok-204829-01c-06-bay-005 rev 2 — Revised Document, published 2015-06-15",,publish
DC_15_092295-document-register-134,DC/15/092295,,https://planning.lewisham.gov.uk/online-applications/applicationDetails.do?activeTab=documents&keyVal=_LEWIS_DCAPR_79281,"Block c- bay study 6- residential entrance detail — drawing/reference: —Hok-204829-01c-06-bay-006 rev 2 — Revised Document, published 2015-06-15",,publish
DC_15_092295-document-register-135,DC/15/092295,,https://planning.lewisham.gov.uk/online-applications/applicationDetails.do?activeTab=documents&keyVal=_LEWIS_DCAPR_79281,"Es - 01 deptford wharf tvia chapters 1 to views table — Case Copy Documents, published 2015-06-04",,publish
DC_15_092295-document-register-136,DC/15/092295,,https://planning.lewisham.gov.uk/online-applications/applicationDetails.do?activeTab=documents&keyVal=_LEWIS_DCAPR_79281,"Es - 02 deptford wharf tvia views 1 to 3 — Case Copy Documents, published 2015-06-04",,publish
DC_15_092295-document-register-137,DC/15/092295,,https://planning.lewisham.gov.uk/online-applications/applicationDetails.do?activeTab=documents&keyVal=_LEWIS_DCAPR_79281,"Es - 03 deptford wharf tvia views 4 to 6 — Case Copy Documents, published 2015-06-04",,publish
DC_15_092295-document-register-138,DC/15/092295,,https://planning.lewisham.gov.uk/online-applications/applicationDetails.do?activeTab=documents&keyVal=_LEWIS_DCAPR_79281,"Es - 04 deptford wharf tvia views 7 to 9 — Case Copy Documents, published 2015-06-04",,publish
DC_15_092295-document-register-139,DC/15/092295,,https://planning.lewisham.gov.uk/online-applications/applicationDetails.do?activeTab=documents&keyVal=_LEWIS_DCAPR_79281,"Es - 05 deptford wharf tvia views 10 to 12 — Case Copy Documents, published 2015-06-04",,publish
DC_15_092295-document-register-140,DC/15/092295,,https://planning.lewisham.gov.uk/online-applications/applicationDetails.do?activeTab=documents&keyVal=_LEWIS_DCAPR_79281,"Es - 06 deptford wharf tvia views 13 to15 — Case Copy Documents, published 2015-06-04",,publish
DC_15_092295-document-register-141,DC/15/092295,,https://planning.lewisham.gov.uk/online-applications/applicationDetails.do?activeTab=documents&keyVal=_LEWIS_DCAPR_79281,"Es - 07 deptford wharf tvia views 16 to 18 — Case Copy Documents, published 2015-06-04",,publish
DC_15_092295-document-register-142,DC/15/092295,,https://planning.lewisham.gov.uk/online-applications/applicationDetails.do?activeTab=documents&keyVal=_LEWIS_DCAPR_79281,"Es - 08 deptford wharf tvia views 19 to 21 — Case Copy Documents, published 2015-06-04",,publish
DC_15_092295-document-register-143,DC/15/092295,,https://planning.lewisham.gov.uk/online-applications/applicationDetails.do?activeTab=documents&keyVal=_LEWIS_DCAPR_79281,"Es - 09 deptford wharf tvia view 22 to 24 — Case Copy Documents, published 2015-06-04",,publish
DC_15_092295-document-register-144,DC/15/092295,,https://planning.lewisham.gov.uk/online-applications/applicationDetails.do?activeTab=documents&keyVal=_LEWIS_DCAPR_79281,"Es - 10 deptford wharf tvia chapter 7 to back — Case Copy Documents, published 2015-06-04",,publish
DC_15_092295-document-register-145,DC/15/092295,,https://planning.lewisham.gov.uk/online-applications/applicationDetails.do?activeTab=documents&keyVal=_LEWIS_DCAPR_79281,"Es - non technical summary — Case Copy Documents, published 2015-06-01",,publish
DC_15_092295-document-register-146,DC/15/092295,,https://planning.lewisham.gov.uk/online-applications/applicationDetails.do?activeTab=documents&keyVal=_LEWIS_DCAPR_79281,"Es - introduction — Case Copy Documents, published 2015-06-01",,publish
DC_15_092295-document-register-147,DC/15/092295,,https://planning.lewisham.gov.uk/online-applications/applicationDetails.do?activeTab=documents&keyVal=_LEWIS_DCAPR_79281,"Es - methodology — Case Copy Documents, published 2015-06-01",,publish
DC_15_092295-document-register-148,DC/15/092295,,https://planning.lewisham.gov.uk/online-applications/applicationDetails.do?activeTab=documents&keyVal=_LEWIS_DCAPR_79281,"Es - location and description — Case Copy Documents, published 2015-06-01",,publish
DC_15_092295-document-register-149,DC/15/092295,,https://planning.lewisham.gov.uk/online-applications/applicationDetails.do?activeTab=documents&keyVal=_LEWIS_DCAPR_79281,"Es - the proposed development — Case Copy Documents, published 2015-06-01",,publish
DC_15_092295-document-register-150,DC/15/092295,,https://planning.lewisham.gov.uk/online-applications/applicationDetails.do?activeTab=documents&keyVal=_LEWIS_DCAPR_79281,"Es - alternatives and design evolution — Case Copy Documents, published 2015-06-01",,publish
DC_15_092295-document-register-151,DC/15/092295,,https://planning.lewisham.gov.uk/online-applications/applicationDetails.do?activeTab=documents&keyVal=_LEWIS_DCAPR_79281,"Es - development programme — Case Copy Documents, published 2015-06-01",,publish
DC_15_092295-document-register-152,DC/15/092295,,https://planning.lewisham.gov.uk/online-applications/applicationDetails.do?activeTab=documents&keyVal=_LEWIS_DCAPR_79281,"Es - air quality — Case Copy Documents, published 2015-06-01",,publish
DC_15_092295-document-register-153,DC/15/092295,,https://planning.lewisham.gov.uk/online-applications/applicationDetails.do?activeTab=documents&keyVal=_LEWIS_DCAPR_79281,"Es - archaeology and built heritage — Case Copy Documents, published 2015-06-01",,publish
DC_15_092295-document-register-154,DC/15/092295,,https://planning.lewisham.gov.uk/online-applications/applicationDetails.do?activeTab=documents&keyVal=_LEWIS_DCAPR_79281,"Es - flood risk and drainage — Case Copy Documents, published 2015-06-01",,publish
DC_15_092295-document-register-155,DC/15/092295,,https://planning.lewisham.gov.uk/online-applications/applicationDetails.do?activeTab=documents&keyVal=_LEWIS_DCAPR_79281,"Es - ecology — Case Copy Documents, published 2015-06-01",,publish
DC_15_092295-document-register-156,DC/15/092295,,https://planning.lewisham.gov.uk/online-applications/applicationDetails.do?activeTab=documents&keyVal=_LEWIS_DCAPR_79281,"Es - electronic interference — Case Copy Documents, published 2015-06-01",,publish
DC_15_092295-document-register-157,DC/15/092295,,https://planning.lewisham.gov.uk/online-applications/applicationDetails.do?activeTab=documents&keyVal=_LEWIS_DCAPR_79281,"Es - ground conditions, hydrogeology & contamination — Case Copy Documents, published 2015-06-01",,publish
DC_15_092295-document-register-158,DC/15/092295,,https://planning.lewisham.gov.uk/online-applications/applicationDetails.do?activeTab=documents&keyVal=_LEWIS_DCAPR_79281,"Es - noise and vibration — Case Copy Documents, published 2015-06-01",,publish
DC_15_092295-document-register-159,DC/15/092295,,https://planning.lewisham.gov.uk/online-applications/applicationDetails.do?activeTab=documents&keyVal=_LEWIS_DCAPR_79281,"Es - socio economics — Case Copy Documents, published 2015-06-01",,publish
DC_15_092295-document-register-160,DC/15/092295,,https://planning.lewisham.gov.uk/online-applications/applicationDetails.do?activeTab=documents&keyVal=_LEWIS_DCAPR_79281,"Es - daylight and sunlight — Case Copy Documents, published 2015-06-01",,publish
DC_15_092295-document-register-161,DC/15/092295,,https://planning.lewisham.gov.uk/online-applications/applicationDetails.do?activeTab=documents&keyVal=_LEWIS_DCAPR_79281,"Es transport — Case Copy Documents, published 2015-06-01",,publish
DC_15_092295-document-register-162,DC/15/092295,,https://planning.lewisham.gov.uk/online-applications/applicationDetails.do?activeTab=documents&keyVal=_LEWIS_DCAPR_79281,"Es - wind microclimate — Case Copy Documents, published 2015-06-01",,publish
DC_15_092295-document-register-163,DC/15/092295,,https://planning.lewisham.gov.uk/online-applications/applicationDetails.do?activeTab=documents&keyVal=_LEWIS_DCAPR_79281,"Es - of cumulative effects summary — Case Copy Documents, published 2015-06-01",,publish
DC_15_092295-document-register-164,DC/15/092295,,https://planning.lewisham.gov.uk/online-applications/applicationDetails.do?activeTab=documents&keyVal=_LEWIS_DCAPR_79281,"Es - residual effects — Case Copy Documents, published 2015-06-01",,publish
DC_15_092295-document-register-165,DC/15/092295,,https://planning.lewisham.gov.uk/online-applications/applicationDetails.do?activeTab=documents&keyVal=_LEWIS_DCAPR_79281,"Es - glossary and abbreviations — Case Copy Documents, published 2015-06-01",,publish
DC_15_092295-document-register-166,DC/15/092295,,https://planning.lewisham.gov.uk/online-applications/applicationDetails.do?activeTab=documents&keyVal=_LEWIS_DCAPR_79281,"Es - existing site elevations — drawing/reference: Hkb-dept-ex-06-ele-001 — Case Copy Documents, published 2015-06-01",,publish
DC_15_092295-document-register-167,DC/15/092295,,https://planning.lewisham.gov.uk/online-applications/applicationDetails.do?activeTab=documents&keyVal=_LEWIS_DCAPR_79281,"Es - existing site elevation evelyn street — drawing/reference: Hkb-dept-ex-06-ele-002 — Case Copy Documents, published 2015-06-01",,publish
DC_15_092295-document-register-168,DC/15/092295,,https://planning.lewisham.gov.uk/online-applications/applicationDetails.do?activeTab=documents&keyVal=_LEWIS_DCAPR_79281,"Es - existing site elevation oxestalls road — drawing/reference: Hkb-dept-ex-06-ele-004 — Case Copy Documents, published 2015-06-01",,publish
DC_15_092295-document-register-169,DC/15/092295,,https://planning.lewisham.gov.uk/online-applications/applicationDetails.do?activeTab=documents&keyVal=_LEWIS_DCAPR_79281,"Es - victoria pub existing floor plans — drawing/reference: Hkb-dept-ex-06-ele-004 — Case Copy Documents, published 2015-06-01",,publish
DC_15_092295-document-register-170,DC/15/092295,,https://planning.lewisham.gov.uk/online-applications/applicationDetails.do?activeTab=documents&keyVal=_LEWIS_DCAPR_79281,"Es - victoria pub existing elevations and sections — drawing/reference: Hkb-dept-ex-06-sit-006 — Case Copy Documents, published 2015-06-01",,publish
DC_15_092295-document-register-171,DC/15/092295,,https://planning.lewisham.gov.uk/online-applications/applicationDetails.do?activeTab=documents&keyVal=_LEWIS_DCAPR_79281,"Es - plans proposed development parameter zones — drawing/reference: Hkb-dept-pa-06-sit-001 — Case Copy Documents, published 2015-06-01",,publish
DC_15_092295-document-register-172,DC/15/092295,,https://planning.lewisham.gov.uk/online-applications/applicationDetails.do?activeTab=documents&keyVal=_LEWIS_DCAPR_79281,"Es - plans vehicle access and parameter circulation — drawing/reference: Hkb-dept-pa-06-sit-002 — Case Copy Documents, published 2015-06-01",,publish
DC_15_092295-document-register-173,DC/15/092295,,https://planning.lewisham.gov.uk/online-applications/applicationDetails.do?activeTab=documents&keyVal=_LEWIS_DCAPR_79281,"Es - plans pedestrian and cycling parameter access and circulation — drawing/reference: Hkb-dept-pa-06-sit-003 — Case Copy Documents, published 2015-06-01",,publish
DC_15_092295-document-register-174,DC/15/092295,,https://planning.lewisham.gov.uk/online-applications/applicationDetails.do?activeTab=documents&keyVal=_LEWIS_DCAPR_79281,"Es - plans public realm and landscape parameter — drawing/reference: Hkb-dept-pa-06-sit-004 — Case Copy Documents, published 2015-06-01",,publish
DC_15_092295-document-register-175,DC/15/092295,,https://planning.lewisham.gov.uk/online-applications/applicationDetails.do?activeTab=documents&keyVal=_LEWIS_DCAPR_79281,"Es - plans location of non-residential parameter uses — drawing/reference: Hkb-dept-pa-06-sit-005 — Case Copy Documents, published 2015-06-01",,publish
DC_15_092295-document-register-176,DC/15/092295,,https://planning.lewisham.gov.uk/online-applications/applicationDetails.do?activeTab=documents&keyVal=_LEWIS_DCAPR_79281,"Es - plans proposed ground levels parameter — drawing/reference: Hkb-dept-pa-06-sit-006 — Case Copy Documents, published 2015-06-01",,publish
DC_15_092295-document-register-177,DC/15/092295,,https://planning.lewisham.gov.uk/online-applications/applicationDetails.do?activeTab=documents&keyVal=_LEWIS_DCAPR_79281,"Es - plans development zones and parameter — drawing/reference: Hkb-dept-pa-06-sit-007 — Case Copy Documents, published 2015-06-01",,publish
DC_15_092295-document-register-178,DC/15/092295,,https://planning.lewisham.gov.uk/online-applications/applicationDetails.do?activeTab=documents&keyVal=_LEWIS_DCAPR_79281,"Es - plans phasing parameter — drawing/reference: Hkb-dept-pa-06-sit-008 — Case Copy Documents, published 2015-06-01",,publish
DC_15_092295-document-register-179,DC/15/092295,,https://planning.lewisham.gov.uk/online-applications/applicationDetails.do?activeTab=documents&keyVal=_LEWIS_DCAPR_79281,"Es - site location plan — drawing/reference: Hkb-dept-ex-06-sit-001 — Case Copy Documents, published 2015-06-01",,publish
DC_15_092295-document-register-180,DC/15/092295,,https://planning.lewisham.gov.uk/online-applications/applicationDetails.do?activeTab=documents&keyVal=_LEWIS_DCAPR_79281,"Es - existing layout plan — drawing/reference: Hkb-dept-ex-06-sit-002 — Case Copy Documents, published 2015-06-01",,publish
DC_15_092295-document-register-181,DC/15/092295,,https://planning.lewisham.gov.uk/online-applications/applicationDetails.do?activeTab=documents&keyVal=_LEWIS_DCAPR_79281,"Es - extent of 'outline' and 'detailed' component of the scheme — drawing/reference: Hkb-dept-ex-06-sit-003 — Case Copy Documents, published 2015-06-01",,publish
DC_15_092295-document-register-182,DC/15/092295,,https://planning.lewisham.gov.uk/online-applications/applicationDetails.do?activeTab=documents&keyVal=_LEWIS_DCAPR_79281,"Es - demolition plan — drawing/reference: Hkb-dept-ex-06-sit-004 — Case Copy Documents, published 2015-06-01",,publish
DC_15_092295-document-register-183,DC/15/092295,,https://planning.lewisham.gov.uk/online-applications/applicationDetails.do?activeTab=documents&keyVal=_LEWIS_DCAPR_79281,"Es - site elevation — drawing/reference: Hkb-dept-mp-06-ele-001 — Case Copy Documents, published 2015-06-01",,publish
DC_15_092295-document-register-184,DC/15/092295,,https://planning.lewisham.gov.uk/online-applications/applicationDetails.do?activeTab=documents&keyVal=_LEWIS_DCAPR_79281,"Es - site elevation — drawing/reference: Hkb-dept-mp-06-ele-002 — Case Copy Documents, published 2015-06-01",,publish
DC_15_092295-document-register-185,DC/15/092295,,https://planning.lewisham.gov.uk/online-applications/applicationDetails.do?activeTab=documents&keyVal=_LEWIS_DCAPR_79281,"Es - site elevation — drawing/reference: Hkb-dept-mp-06-ele-003 — Case Copy Documents, published 2015-06-01",,publish
DC_15_092295-document-register-186,DC/15/092295,,https://planning.lewisham.gov.uk/online-applications/applicationDetails.do?activeTab=documents&keyVal=_LEWIS_DCAPR_79281,"Es - site elevation — drawing/reference: Hkb-dept-mp-06-ele-004 — Case Copy Documents, published 2015-06-01",,publish
DC_15_092295-document-register-187,DC/15/092295,,https://planning.lewisham.gov.uk/online-applications/applicationDetails.do?activeTab=documents&keyVal=_LEWIS_DCAPR_79281,"Es - roof level masterplan — drawing/reference: Hkb-dept-mp-06-sit-001 — Case Copy Documents, published 2015-06-01",,publish
DC_15_092295-document-register-188,DC/15/092295,,https://planning.lewisham.gov.uk/online-applications/applicationDetails.do?activeTab=documents&keyVal=_LEWIS_DCAPR_79281,"Es - proposed site wide ground floor plan — drawing/reference: Hkb-dept-mp-06-sit-002 — Case Copy Documents, published 2015-06-01",,publish
DC_15_092295-document-register-189,DC/15/092295,,https://planning.lewisham.gov.uk/online-applications/applicationDetails.do?activeTab=documents&keyVal=_LEWIS_DCAPR_79281,"Es - proposed site wide first floor plan — drawing/reference: Hkb-dept-mp-06-sit-003 — Case Copy Documents, published 2015-06-01",,publish
DC_15_092295-document-register-190,DC/15/092295,,https://planning.lewisham.gov.uk/online-applications/applicationDetails.do?activeTab=documents&keyVal=_LEWIS_DCAPR_79281,"Es - proposed site wide second floor plan — drawing/reference: Hkb-dept-mp-06-sit-004 — Case Copy Documents, published 2015-06-01",,publish
DC_15_092295-document-register-191,DC/15/092295,,https://planning.lewisham.gov.uk/online-applications/applicationDetails.do?activeTab=documents&keyVal=_LEWIS_DCAPR_79281,"Es - street - ne elevation (block a-b-c) grove — drawing/reference: Hok-204829-01 -06-ele-001 — Case Copy Documents, published 2015-06-01",,publish
DC_15_092295-document-register-192,DC/15/092295,,https://planning.lewisham.gov.uk/online-applications/applicationDetails.do?activeTab=documents&keyVal=_LEWIS_DCAPR_79281,"Es - dragoon road - se elevation (block a-c) — drawing/reference: Hok-204829-01-06-ele-002 — Case Copy Documents, published 2015-06-01",,publish
DC_15_092295-document-register-193,DC/15/092295,,https://planning.lewisham.gov.uk/online-applications/applicationDetails.do?activeTab=documents&keyVal=_LEWIS_DCAPR_79281,"Es - victoria street - nw elevation (block b-c) — drawing/reference: Hok-204829-01-06-ele-003 — Case Copy Documents, published 2015-06-01",,publish
DC_15_092295-document-register-194,DC/15/092295,,https://planning.lewisham.gov.uk/online-applications/applicationDetails.do?activeTab=documents&keyVal=_LEWIS_DCAPR_79281,"Es - sw elevation (block a-b-c) — drawing/reference: Hok-204829-01-06-ele-004 — Case Copy Documents, published 2015-06-01",,publish
DC_15_092295-document-register-195,DC/15/092295,,https://planning.lewisham.gov.uk/online-applications/applicationDetails.do?activeTab=documents&keyVal=_LEWIS_DCAPR_79281,"Es - sw elevation (block a-c) — drawing/reference: Hok-204829-01-06-ele-005 — Case Copy Documents, published 2015-06-01",,publish
DC_15_092295-document-register-196,DC/15/092295,,https://planning.lewisham.gov.uk/online-applications/applicationDetails.do?activeTab=documents&keyVal=_LEWIS_DCAPR_79281,"Es - nw elevation (block a-c) — drawing/reference: Hok-204829-01-06-ele-006 — Case Copy Documents, published 2015-06-01",,publish
DC_15_092295-document-register-197,DC/15/092295,,https://planning.lewisham.gov.uk/online-applications/applicationDetails.do?activeTab=documents&keyVal=_LEWIS_DCAPR_79281,"Es - ne elevation (block a-b) — drawing/reference: Hok-204829-01-06-ele-007 — Case Copy Documents, published 2015-06-01",,publish
DC_15_092295-document-register-198,DC/15/092295,,https://planning.lewisham.gov.uk/online-applications/applicationDetails.do?activeTab=documents&keyVal=_LEWIS_DCAPR_79281,"Es - se elevation (block b) — drawing/reference: Hok-204829-01-06-ele-008 — Case Copy Documents, published 2015-06-01",,publish
DC_15_092295-document-register-199,DC/15/092295,,https://planning.lewisham.gov.uk/online-applications/applicationDetails.do?activeTab=documents&keyVal=_LEWIS_DCAPR_79281,"Es - floor plan - ground & cp1 parking — drawing/reference: Hok-204829-01-06-grd-001 — Case Copy Documents, published 2015-06-01",,publish
DC_15_092295-document-register-200,DC/15/092295,,https://planning.lewisham.gov.uk/online-applications/applicationDetails.do?activeTab=documents&keyVal=_LEWIS_DCAPR_79281,"Es - floor plan - level 1 & cp2 parking — drawing/reference: Hok-204829-01-06-101-002 — Case Copy Documents, published 2015-06-01",,publish
DC_15_092295-document-register-201,DC/15/092295,,https://planning.lewisham.gov.uk/online-applications/applicationDetails.do?activeTab=documents&keyVal=_LEWIS_DCAPR_79281,"Es - floor plan - level 2 podium — drawing/reference: Hok-204829-01-06-102-003 — Case Copy Documents, published 2015-06-01",,publish
DC_15_092295-document-register-202,DC/15/092295,,https://planning.lewisham.gov.uk/online-applications/applicationDetails.do?activeTab=documents&keyVal=_LEWIS_DCAPR_79281,"Es - floor plan - level 3 — drawing/reference: Hok-204829-01 -06-103-004 — Case Copy Documents, published 2015-06-01",,publish
DC_15_092295-document-register-203,DC/15/092295,,https://planning.lewisham.gov.uk/online-applications/applicationDetails.do?activeTab=documents&keyVal=_LEWIS_DCAPR_79281,"Es - floor plan - level 4 — drawing/reference: Hok-204829-01-06-104-005 — Case Copy Documents, published 2015-06-01",,publish
DC_15_092295-document-register-204,DC/15/092295,,https://planning.lewisham.gov.uk/online-applications/applicationDetails.do?activeTab=documents&keyVal=_LEWIS_DCAPR_79281,"Es - floor plan - level 5 — drawing/reference: Hok-204829-01 -06-105-006 — Case Copy Documents, published 2015-06-01",,publish
DC_15_092295-document-register-205,DC/15/092295,,https://planning.lewisham.gov.uk/online-applications/applicationDetails.do?activeTab=documents&keyVal=_LEWIS_DCAPR_79281,"Es - floor plan - level 6 — drawing/reference: Hok-204829-01 -06-106-007 — Case Copy Documents, published 2015-06-01",,publish
DC_15_092295-document-register-206,DC/15/092295,,https://planning.lewisham.gov.uk/online-applications/applicationDetails.do?activeTab=documents&keyVal=_LEWIS_DCAPR_79281,"Es - floor plan - level 7 — drawing/reference: Hok-204829-01-06-107-008 — Case Copy Documents, published 2015-06-01",,publish
DC_15_092295-document-register-207,DC/15/092295,,https://planning.lewisham.gov.uk/online-applications/applicationDetails.do?activeTab=documents&keyVal=_LEWIS_DCAPR_79281,"Es - floor plan - level 8 — drawing/reference: Hok-204829-01-06-108-009 — Case Copy Documents, published 2015-06-01",,publish
DC_15_092295-document-register-208,DC/15/092295,,https://planning.lewisham.gov.uk/online-applications/applicationDetails.do?activeTab=documents&keyVal=_LEWIS_DCAPR_79281,"Es - floor plan - level 9 — drawing/reference: Hok-204829-01 -06-109-010 — Case Copy Documents, published 2015-06-01",,publish
DC_15_092295-document-register-209,DC/15/092295,,https://planning.lewisham.gov.uk/online-applications/applicationDetails.do?activeTab=documents&keyVal=_LEWIS_DCAPR_79281,"Es - floor plan - level 10 — drawing/reference: Hok-204829-01 -06-110-011 — Case Copy Documents, published 2015-06-01",,publish
DC_15_092295-document-register-210,DC/15/092295,,https://planning.lewisham.gov.uk/online-applications/applicationDetails.do?activeTab=documents&keyVal=_LEWIS_DCAPR_79281,"Es - floor plan - level 11 — drawing/reference: Hok-204829-01-06-111-012 — Case Copy Documents, published 2015-06-01",,publish
DC_15_092295-document-register-211,DC/15/092295,,https://planning.lewisham.gov.uk/online-applications/applicationDetails.do?activeTab=documents&keyVal=_LEWIS_DCAPR_79281,"Es - floor plan - level 12 — drawing/reference: Hok-204829-01-06-I12-013 — Case Copy Documents, published 2015-06-01",,publish
DC_15_092295-document-register-212,DC/15/092295,,https://planning.lewisham.gov.uk/online-applications/applicationDetails.do?activeTab=documents&keyVal=_LEWIS_DCAPR_79281,"Es - floor plan - level 13 — drawing/reference: Hok-204829-01 -06-113-014 — Case Copy Documents, published 2015-06-01",,publish
DC_15_092295-document-register-213,DC/15/092295,,https://planning.lewisham.gov.uk/online-applications/applicationDetails.do?activeTab=documents&keyVal=_LEWIS_DCAPR_79281,"Es - floor plan - level 14 — drawing/reference: Hok-204829-01-06-114-015 — Case Copy Documents, published 2015-06-01",,publish
DC_15_092295-document-register-214,DC/15/092295,,https://planning.lewisham.gov.uk/online-applications/applicationDetails.do?activeTab=documents&keyVal=_LEWIS_DCAPR_79281,"Es - floor plan - level 15 — drawing/reference: Hok-204829-01 -06-115-016 — Case Copy Documents, published 2015-06-01",,publish
DC_15_092295-document-register-215,DC/15/092295,,https://planning.lewisham.gov.uk/online-applications/applicationDetails.do?activeTab=documents&keyVal=_LEWIS_DCAPR_79281,"Es - floor plan - level 16 — drawing/reference: Hok-204829-01 -06-116-017 — Case Copy Documents, published 2015-06-01",,publish
DC_15_092295-document-register-216,DC/15/092295,,https://planning.lewisham.gov.uk/online-applications/applicationDetails.do?activeTab=documents&keyVal=_LEWIS_DCAPR_79281,"Es - floor plan - level 17 — drawing/reference: Hok-204829-01-06-I17-018 — Case Copy Documents, published 2015-06-01",,publish
DC_15_092295-document-register-217,DC/15/092295,,https://planning.lewisham.gov.uk/online-applications/applicationDetails.do?activeTab=documents&keyVal=_LEWIS_DCAPR_79281,"Es - floor plan - level 18 — drawing/reference: Hok-204829-01-06-118-019 — Case Copy Documents, published 2015-06-01",,publish
DC_15_092295-document-register-218,DC/15/092295,,https://planning.lewisham.gov.uk/online-applications/applicationDetails.do?activeTab=documents&keyVal=_LEWIS_DCAPR_79281,"Es - floor plan - level 19 — drawing/reference: Hok-204829-01 -06-119-020 — Case Copy Documents, published 2015-06-01",,publish
DC_15_092295-document-register-219,DC/15/092295,,https://planning.lewisham.gov.uk/online-applications/applicationDetails.do?activeTab=documents&keyVal=_LEWIS_DCAPR_79281,"Es - floor plan - level 20 — drawing/reference: Hok-204829-01 -06-I20-021 — Case Copy Documents, published 2015-06-01",,publish
DC_15_092295-document-register-220,DC/15/092295,,https://planning.lewisham.gov.uk/online-applications/applicationDetails.do?activeTab=documents&keyVal=_LEWIS_DCAPR_79281,"Es - floor plan - level 21 — drawing/reference: Hok-204829-01-06-I21-022 — Case Copy Documents, published 2015-06-01",,publish
DC_15_092295-document-register-221,DC/15/092295,,https://planning.lewisham.gov.uk/online-applications/applicationDetails.do?activeTab=documents&keyVal=_LEWIS_DCAPR_79281,"Es - floor plan - level 22 — drawing/reference: Hok-204829-01-06-I22-023 — Case Copy Documents, published 2015-06-01",,publish
DC_15_092295-document-register-222,DC/15/092295,,https://planning.lewisham.gov.uk/online-applications/applicationDetails.do?activeTab=documents&keyVal=_LEWIS_DCAPR_79281,"Es - floor plan - level 23 — drawing/reference: Hok-204829-01 -06-123-024 — Case Copy Documents, published 2015-06-01",,publish
DC_15_092295-document-register-223,DC/15/092295,,https://planning.lewisham.gov.uk/online-applications/applicationDetails.do?activeTab=documents&keyVal=_LEWIS_DCAPR_79281,"Es - roof plan — drawing/reference: Hok-204829-01 -06-rf-025 — Case Copy Documents, published 2015-06-01",,publish
DC_15_092295-document-register-224,DC/15/092295,,https://planning.lewisham.gov.uk/online-applications/applicationDetails.do?activeTab=documents&keyVal=_LEWIS_DCAPR_79281,"Es - section a-a — drawing/reference: Hok-204829-01-06-sec-001 — Case Copy Documents, published 2015-06-01",,publish
DC_15_092295-document-register-225,DC/15/092295,,https://planning.lewisham.gov.uk/online-applications/applicationDetails.do?activeTab=documents&keyVal=_LEWIS_DCAPR_79281,"Es - section b-b — drawing/reference: Hok-204829-01 -06-sec-002 — Case Copy Documents, published 2015-06-01",,publish
DC_15_092295-document-register-226,DC/15/092295,,https://planning.lewisham.gov.uk/online-applications/applicationDetails.do?activeTab=documents&keyVal=_LEWIS_DCAPR_79281,"Es - podium section - street grove — drawing/reference: Hok-204829-01 -06-sec-003 — Case Copy Documents, published 2015-06-01",,publish
DC_15_092295-document-register-227,DC/15/092295,,https://planning.lewisham.gov.uk/online-applications/applicationDetails.do?activeTab=documents&keyVal=_LEWIS_DCAPR_79281,"Es - bay study block 2a — drawing/reference: Hkb-dept-02-06-bay-001 — Case Copy Documents, published 2015-06-01",,publish
DC_15_092295-document-register-228,DC/15/092295,,https://planning.lewisham.gov.uk/online-applications/applicationDetails.do?activeTab=documents&keyVal=_LEWIS_DCAPR_79281,"Es - bay study block 2b — drawing/reference: Hkb-dept-02-06-bay-002 — Case Copy Documents, published 2015-06-01",,publish
DC_15_092295-document-register-229,DC/15/092295,,https://planning.lewisham.gov.uk/online-applications/applicationDetails.do?activeTab=documents&keyVal=_LEWIS_DCAPR_79281,"Es - bay study block 2d 1.0 — drawing/reference: Hkb-dept-02-06-bay-003 — Case Copy Documents, published 2015-06-01",,publish
DC_15_092295-document-register-230,DC/15/092295,,https://planning.lewisham.gov.uk/online-applications/applicationDetails.do?activeTab=documents&keyVal=_LEWIS_DCAPR_79281,"Es - bay study block 2d 2.0 — drawing/reference: Hkb-dept-02-06-bay-004 — Case Copy Documents, published 2015-06-01",,publish
DC_15_092295-document-register-231,DC/15/092295,,https://planning.lewisham.gov.uk/online-applications/applicationDetails.do?activeTab=documents&keyVal=_LEWIS_DCAPR_79281,"Es - bay study block 2c 2.0 — drawing/reference: Hkb-dept-02-06-bay-005 — Case Copy Documents, published 2015-06-01",,publish
DC_15_092295-document-register-232,DC/15/092295,,https://planning.lewisham.gov.uk/online-applications/applicationDetails.do?activeTab=documents&keyVal=_LEWIS_DCAPR_79281,"Es - plot 2 elevation 01 — drawing/reference: Hkb-dept-02-06-ele-001 — Case Copy Documents, published 2015-06-01",,publish
DC_15_092295-document-register-233,DC/15/092295,,https://planning.lewisham.gov.uk/online-applications/applicationDetails.do?activeTab=documents&keyVal=_LEWIS_DCAPR_79281,"Es - plot 2 elevation 02 — drawing/reference: Hkb-dept-02-06-ele-002 — Case Copy Documents, published 2015-06-01",,publish
DC_15_092295-document-register-234,DC/15/092295,,https://planning.lewisham.gov.uk/online-applications/applicationDetails.do?activeTab=documents&keyVal=_LEWIS_DCAPR_79281,"Es - plot 2 elevation 03 — drawing/reference: Hkb-dept-02-06-ele-003 — Case Copy Documents, published 2015-06-01",,publish
DC_15_092295-document-register-235,DC/15/092295,,https://planning.lewisham.gov.uk/online-applications/applicationDetails.do?activeTab=documents&keyVal=_LEWIS_DCAPR_79281,"Es - plot 2 elevation 04 — drawing/reference: Hkb-dept-02-06-ele-004 — Case Copy Documents, published 2015-06-01",,publish
DC_15_092295-document-register-236,DC/15/092295,,https://planning.lewisham.gov.uk/online-applications/applicationDetails.do?activeTab=documents&keyVal=_LEWIS_DCAPR_79281,"Es - plot 2 elevation 05 — drawing/reference: Hkb-dept-02-06-ele-005 — Case Copy Documents, published 2015-06-01",,publish
DC_15_092295-document-register-237,DC/15/092295,,https://planning.lewisham.gov.uk/online-applications/applicationDetails.do?activeTab=documents&keyVal=_LEWIS_DCAPR_79281,"Es - plot 2 elevation 06 — drawing/reference: Hkb-dept-02-06-ele-006 — Case Copy Documents, published 2015-06-01",,publish
DC_15_092295-document-register-238,DC/15/092295,,https://planning.lewisham.gov.uk/online-applications/applicationDetails.do?activeTab=documents&keyVal=_LEWIS_DCAPR_79281,"Es - plot 2 elevation 07 — drawing/reference: Hkb-dept-02-06-ele-007 — Case Copy Documents, published 2015-06-01",,publish
DC_15_092295-document-register-239,DC/15/092295,,https://planning.lewisham.gov.uk/online-applications/applicationDetails.do?activeTab=documents&keyVal=_LEWIS_DCAPR_79281,"Es - plot 2 elevation 08 — drawing/reference: Hkb-dept-02-06-ele-008 — Case Copy Documents, published 2015-06-01",,publish
DC_15_092295-document-register-240,DC/15/092295,,https://planning.lewisham.gov.uk/online-applications/applicationDetails.do?activeTab=documents&keyVal=_LEWIS_DCAPR_79281,"Es - plot 2 elevation 09 — drawing/reference: Hkb-dept-02-06-ele-009 — Case Copy Documents, published 2015-06-01",,publish
DC_15_092295-document-register-241,DC/15/092295,,https://planning.lewisham.gov.uk/online-applications/applicationDetails.do?activeTab=documents&keyVal=_LEWIS_DCAPR_79281,"Es - ground floor plan ga — drawing/reference: Hkb-dept-02-06-grd-001 — Case Copy Documents, published 2015-06-01",,publish
DC_15_092295-document-register-242,DC/15/092295,,https://planning.lewisham.gov.uk/online-applications/applicationDetails.do?activeTab=documents&keyVal=_LEWIS_DCAPR_79281,"Es - 1st floor plan ga — drawing/reference: Hkb-dept-02-06-101-001 — Case Copy Documents, published 2015-06-01",,publish
DC_15_092295-document-register-243,DC/15/092295,,https://planning.lewisham.gov.uk/online-applications/applicationDetails.do?activeTab=documents&keyVal=_LEWIS_DCAPR_79281,"Es - 2nd floor plan ga — drawing/reference: Hkb-dept-02-06-102-001 — Case Copy Documents, published 2015-06-01",,publish
DC_15_092295-document-register-244,DC/15/092295,,https://planning.lewisham.gov.uk/online-applications/applicationDetails.do?activeTab=documents&keyVal=_LEWIS_DCAPR_79281,"Es - 3rd floor plan ga — drawing/reference: Hkb-dept-02-06-103-001 — Case Copy Documents, published 2015-06-01",,publish
DC_15_092295-document-register-245,DC/15/092295,,https://planning.lewisham.gov.uk/online-applications/applicationDetails.do?activeTab=documents&keyVal=_LEWIS_DCAPR_79281,"Es - 4th floor plan ga — drawing/reference: Hkb-dept-02-06-104-001 — Case Copy Documents, published 2015-06-01",,publish
DC_15_092295-document-register-246,DC/15/092295,,https://planning.lewisham.gov.uk/online-applications/applicationDetails.do?activeTab=documents&keyVal=_LEWIS_DCAPR_79281,"Es - 5th floor plan ga — drawing/reference: Hkb-dept-02-06-105-001 — Case Copy Documents, published 2015-06-01",,publish
DC_15_092295-document-register-247,DC/15/092295,,https://planning.lewisham.gov.uk/online-applications/applicationDetails.do?activeTab=documents&keyVal=_LEWIS_DCAPR_79281,"Es - 6th floor plan ga — drawing/reference: Hkb-dept-02-06-106-001 — Case Copy Documents, published 2015-06-01",,publish
DC_15_092295-document-register-248,DC/15/092295,,https://planning.lewisham.gov.uk/online-applications/applicationDetails.do?activeTab=documents&keyVal=_LEWIS_DCAPR_79281,"Es - 7th floor plan ga — drawing/reference: Hkb-dept-02-06-107-001 — Case Copy Documents, published 2015-06-01",,publish
DC_15_092295-document-register-249,DC/15/092295,,https://planning.lewisham.gov.uk/online-applications/applicationDetails.do?activeTab=documents&keyVal=_LEWIS_DCAPR_79281,"Es - 8th floor plan ga — drawing/reference: Hkb-dept-02-06-108-001 — Case Copy Documents, published 2015-06-01",,publish
DC_15_092295-document-register-250,DC/15/092295,,https://planning.lewisham.gov.uk/online-applications/applicationDetails.do?activeTab=documents&keyVal=_LEWIS_DCAPR_79281,"Es - 9th floor plan ga — drawing/reference: Hkb-dept-02-06-109-001 — Case Copy Documents, published 2015-06-01",,publish
DC_15_092295-document-register-251,DC/15/092295,,https://planning.lewisham.gov.uk/online-applications/applicationDetails.do?activeTab=documents&keyVal=_LEWIS_DCAPR_79281,"Es - 10th floor plan ga — drawing/reference: Hkb-dept-02-06-110-001 — Case Copy Documents, published 2015-06-01",,publish
DC_15_092295-document-register-252,DC/15/092295,,https://planning.lewisham.gov.uk/online-applications/applicationDetails.do?activeTab=documents&keyVal=_LEWIS_DCAPR_79281,"Es - 11th floor plan ga — drawing/reference: Hkb-dept-02-06-111-001 — Case Copy Documents, published 2015-06-01",,publish
DC_15_092295-document-register-253,DC/15/092295,,https://planning.lewisham.gov.uk/online-applications/applicationDetails.do?activeTab=documents&keyVal=_LEWIS_DCAPR_79281,"Es - roof plan ga — drawing/reference: Hkb-dept-02-06-rf-001 — Case Copy Documents, published 2015-06-01",,publish
DC_15_092295-document-register-254,DC/15/092295,,https://planning.lewisham.gov.uk/online-applications/applicationDetails.do?activeTab=documents&keyVal=_LEWIS_DCAPR_79281,"Es - plot 2 section aa — drawing/reference: Hkb-dept-02-06-sec-001 — Case Copy Documents, published 2015-06-01",,publish
DC_15_092295-document-register-255,DC/15/092295,,https://planning.lewisham.gov.uk/online-applications/applicationDetails.do?activeTab=documents&keyVal=_LEWIS_DCAPR_79281,"Es - plot 2 section bb — drawing/reference: Hkb-dept-02-06-sec-002 — Case Copy Documents, published 2015-06-01",,publish
DC_15_092295-document-register-256,DC/15/092295,,https://planning.lewisham.gov.uk/online-applications/applicationDetails.do?activeTab=documents&keyVal=_LEWIS_DCAPR_79281,"Es - plot 2 section cc — drawing/reference: Hkb-dept-02-06-sec-003 — Case Copy Documents, published 2015-06-01",,publish
DC_15_092295-document-register-257,DC/15/092295,,https://planning.lewisham.gov.uk/online-applications/applicationDetails.do?activeTab=documents&keyVal=_LEWIS_DCAPR_79281,"Es - bay study block 3a — drawing/reference: Hkb-dept-03-06-bay-001 — Case Copy Documents, published 2015-06-01",,publish
DC_15_092295-document-register-258,DC/15/092295,,https://planning.lewisham.gov.uk/online-applications/applicationDetails.do?activeTab=documents&keyVal=_LEWIS_DCAPR_79281,"Es - bay study block 3b — drawing/reference: Hkb-dept-03-06-bay-002 — Case Copy Documents, published 2015-06-01",,publish
DC_15_092295-document-register-259,DC/15/092295,,https://planning.lewisham.gov.uk/online-applications/applicationDetails.do?activeTab=documents&keyVal=_LEWIS_DCAPR_79281,"Es - bay study block 3d — drawing/reference: Hkb-dept-03-06-bay-003 — Case Copy Documents, published 2015-06-01",,publish
DC_15_092295-document-register-260,DC/15/092295,,https://planning.lewisham.gov.uk/online-applications/applicationDetails.do?activeTab=documents&keyVal=_LEWIS_DCAPR_79281,"Es - plot 03 elevation 01 — drawing/reference: Hkb-dept-03-06-ele-001 — Case Copy Documents, published 2015-06-01",,publish
DC_15_092295-document-register-261,DC/15/092295,,https://planning.lewisham.gov.uk/online-applications/applicationDetails.do?activeTab=documents&keyVal=_LEWIS_DCAPR_79281,"Es - plot 03 elevation 02 — drawing/reference: Hkb-dept-03-06-ele-002 — Case Copy Documents, published 2015-06-01",,publish
DC_15_092295-document-register-262,DC/15/092295,,https://planning.lewisham.gov.uk/online-applications/applicationDetails.do?activeTab=documents&keyVal=_LEWIS_DCAPR_79281,"Es - plot 03 elevation 03 — drawing/reference: Hkb-dept-03-06-ele-003 — Case Copy Documents, published 2015-06-01",,publish
DC_15_092295-document-register-263,DC/15/092295,,https://planning.lewisham.gov.uk/online-applications/applicationDetails.do?activeTab=documents&keyVal=_LEWIS_DCAPR_79281,"Es - plot 03 elevation 04 — drawing/reference: Hkb-dept-03-06-ele-004 — Case Copy Documents, published 2015-06-01",,publish
DC_15_092295-document-register-264,DC/15/092295,,https://planning.lewisham.gov.uk/online-applications/applicationDetails.do?activeTab=documents&keyVal=_LEWIS_DCAPR_79281,"Es - plot 03 elevation 05 — drawing/reference: Hkb-dept-03-06-ele-005 — Case Copy Documents, published 2015-06-01",,publish
DC_15_092295-document-register-265,DC/15/092295,,https://planning.lewisham.gov.uk/online-applications/applicationDetails.do?activeTab=documents&keyVal=_LEWIS_DCAPR_79281,"Es - plot 03 elevation 06 — drawing/reference: Hkb-dept-03-06-ele-006 — Case Copy Documents, published 2015-06-01",,publish
DC_15_092295-document-register-266,DC/15/092295,,https://planning.lewisham.gov.uk/online-applications/applicationDetails.do?activeTab=documents&keyVal=_LEWIS_DCAPR_79281,"Es - plot 03 elevation 07 — drawing/reference: Hkb-dept-03-06-ele-007 — Case Copy Documents, published 2015-06-01",,publish
DC_15_092295-document-register-267,DC/15/092295,,https://planning.lewisham.gov.uk/online-applications/applicationDetails.do?activeTab=documents&keyVal=_LEWIS_DCAPR_79281,"Es - plot 03 elevation 08 — drawing/reference: Hkb-dept-03-06-ele-008 — Case Copy Documents, published 2015-06-01",,publish
DC_15_092295-document-register-268,DC/15/092295,,https://planning.lewisham.gov.uk/online-applications/applicationDetails.do?activeTab=documents&keyVal=_LEWIS_DCAPR_79281,"Es - plot 03 elevation 09 — drawing/reference: Hkb-dept-03-06-ele-009 — Case Copy Documents, published 2015-06-01",,publish
DC_15_092295-document-register-269,DC/15/092295,,https://planning.lewisham.gov.uk/online-applications/applicationDetails.do?activeTab=documents&keyVal=_LEWIS_DCAPR_79281,"Es - plot 03 elevation 10 — drawing/reference: Hkb-dept-03-06-ele-010 — Case Copy Documents, published 2015-06-01",,publish
DC_15_092295-document-register-270,DC/15/092295,,https://planning.lewisham.gov.uk/online-applications/applicationDetails.do?activeTab=documents&keyVal=_LEWIS_DCAPR_79281,"Es - ground floor plan ga — drawing/reference: Hkb-dept-03-06-grd-001 — Case Copy Documents, published 2015-06-01",,publish
DC_15_092295-document-register-271,DC/15/092295,,https://planning.lewisham.gov.uk/online-applications/applicationDetails.do?activeTab=documents&keyVal=_LEWIS_DCAPR_79281,"Es - first floor plan ga — drawing/reference: Hkb-dept-03-06-101-001 — Case Copy Documents, published 2015-06-01",,publish
DC_15_092295-document-register-272,DC/15/092295,,https://planning.lewisham.gov.uk/online-applications/applicationDetails.do?activeTab=documents&keyVal=_LEWIS_DCAPR_79281,"Es - second floor plan ga — drawing/reference: Hkb-dept-03-06-102-001 — Case Copy Documents, published 2015-06-01",,publish
DC_15_092295-document-register-273,DC/15/092295,,https://planning.lewisham.gov.uk/online-applications/applicationDetails.do?activeTab=documents&keyVal=_LEWIS_DCAPR_79281,"Es - third floor plan ga — drawing/reference: Hkb-dept-03-06-103-001 — Case Copy Documents, published 2015-06-01",,publish
DC_15_092295-document-register-274,DC/15/092295,,https://planning.lewisham.gov.uk/online-applications/applicationDetails.do?activeTab=documents&keyVal=_LEWIS_DCAPR_79281,"Es - fourth floor plan ga — drawing/reference: Hkb-dept-03-06-104-001 — Case Copy Documents, published 2015-06-01",,publish
DC_15_092295-document-register-275,DC/15/092295,,https://planning.lewisham.gov.uk/online-applications/applicationDetails.do?activeTab=documents&keyVal=_LEWIS_DCAPR_79281,"Es - fifth floor plan ga — drawing/reference: Hkb-dept-03-06-105-001 — Case Copy Documents, published 2015-06-01",,publish
DC_15_092295-document-register-276,DC/15/092295,,https://planning.lewisham.gov.uk/online-applications/applicationDetails.do?activeTab=documents&keyVal=_LEWIS_DCAPR_79281,"Es -sixth floor plan ga — drawing/reference: Hkb-dept-03-06-106-001 — Case Copy Documents, published 2015-06-01",,publish
DC_15_092295-document-register-277,DC/15/092295,,https://planning.lewisham.gov.uk/online-applications/applicationDetails.do?activeTab=documents&keyVal=_LEWIS_DCAPR_79281,"Es - seventh floor plan ga — drawing/reference: Hkb-dept-03-06-107-001 — Case Copy Documents, published 2015-06-01",,publish
DC_15_092295-document-register-278,DC/15/092295,,https://planning.lewisham.gov.uk/online-applications/applicationDetails.do?activeTab=documents&keyVal=_LEWIS_DCAPR_79281,"Es - eighth floor plan ga — drawing/reference: Hkb-dept-03-06-108-001 — Case Copy Documents, published 2015-06-01",,publish
DC_15_092295-document-register-279,DC/15/092295,,https://planning.lewisham.gov.uk/online-applications/applicationDetails.do?activeTab=documents&keyVal=_LEWIS_DCAPR_79281,"Es - ninth floor plan ga — drawing/reference: Hkb-dept-03-06-109-001 — Case Copy Documents, published 2015-06-01",,publish
DC_15_092295-document-register-280,DC/15/092295,,https://planning.lewisham.gov.uk/online-applications/applicationDetails.do?activeTab=documents&keyVal=_LEWIS_DCAPR_79281,"Es - tenth floor plan ga — drawing/reference: Hkb-dept-03-06-110-001 — Case Copy Documents, published 2015-06-01",,publish
DC_15_092295-document-register-281,DC/15/092295,,https://planning.lewisham.gov.uk/online-applications/applicationDetails.do?activeTab=documents&keyVal=_LEWIS_DCAPR_79281,"Es - roof plan ga — drawing/reference: Hkb-dept-03-06-rf-001 — Case Copy Documents, published 2015-06-01",,publish
DC_15_092295-document-register-282,DC/15/092295,,https://planning.lewisham.gov.uk/online-applications/applicationDetails.do?activeTab=documents&keyVal=_LEWIS_DCAPR_79281,"Es - plot 1 landscape masterplan_150508 — drawing/reference: Vga-dept-01-90-Is-001 — Case Copy Documents, published 2015-06-01",,publish
DC_15_092295-document-register-283,DC/15/092295,,https://planning.lewisham.gov.uk/online-applications/applicationDetails.do?activeTab=documents&keyVal=_LEWIS_DCAPR_79281,"Es - plot 1 planting plan ground floor — drawing/reference: Vga-dept-01-94-ls-001 — Case Copy Documents, published 2015-06-01",,publish
DC_15_092295-document-register-284,DC/15/092295,,https://planning.lewisham.gov.uk/online-applications/applicationDetails.do?activeTab=documents&keyVal=_LEWIS_DCAPR_79281,"Es - plot 1 planting plan podium-roof — drawing/reference: Vga-dept-01-94-ls-002 — Case Copy Documents, published 2015-06-01",,publish
DC_15_092295-document-register-285,DC/15/092295,,https://planning.lewisham.gov.uk/online-applications/applicationDetails.do?activeTab=documents&keyVal=_LEWIS_DCAPR_79281,"Es - plot 1 materiality and furniture plan ground floor — drawing/reference: Vga-dept-01-97-Is-001 — Case Copy Documents, published 2015-06-01",,publish
DC_15_092295-document-register-286,DC/15/092295,,https://planning.lewisham.gov.uk/online-applications/applicationDetails.do?activeTab=documents&keyVal=_LEWIS_DCAPR_79281,"Es - plot 1 materiality and furniture plan podium — drawing/reference: Vga-dept-01-97-ls-002 — Case Copy Documents, published 2015-06-01",,publish
DC_15_092295-document-register-287,DC/15/092295,,https://planning.lewisham.gov.uk/online-applications/applicationDetails.do?activeTab=documents&keyVal=_LEWIS_DCAPR_79281,"Es - plot 2 landscape masterplan_150508 — drawing/reference: Vga-dept-02-90-Is-001 — Case Copy Documents, published 2015-06-01",,publish
DC_15_092295-document-register-288,DC/15/092295,,https://planning.lewisham.gov.uk/online-applications/applicationDetails.do?activeTab=documents&keyVal=_LEWIS_DCAPR_79281,"Es - plot 2 planting plan ground floor — drawing/reference: Vga-dept-02-94-ls-001 — Case Copy Documents, published 2015-06-01",,publish
DC_15_092295-document-register-289,DC/15/092295,,https://planning.lewisham.gov.uk/online-applications/applicationDetails.do?activeTab=documents&keyVal=_LEWIS_DCAPR_79281,"Es - plot 2 planting plan podium-roof — drawing/reference: Vga-dept-02-94-ls-002 — Case Copy Documents, published 2015-06-01",,publish
DC_15_092295-document-register-290,DC/15/092295,,https://planning.lewisham.gov.uk/online-applications/applicationDetails.do?activeTab=documents&keyVal=_LEWIS_DCAPR_79281,"Es - plot 2 materiality and furniture plan ground floor — drawing/reference: Vga-dept-02-97-Is-001 — Case Copy Documents, published 2015-06-01",,publish
DC_15_092295-document-register-291,DC/15/092295,,https://planning.lewisham.gov.uk/online-applications/applicationDetails.do?activeTab=documents&keyVal=_LEWIS_DCAPR_79281,"Es - plot 2 materiality and furniture plan podium — drawing/reference: Vga-dept-02-97-ls-002 — Case Copy Documents, published 2015-06-01",,publish
DC_15_092295-document-register-292,DC/15/092295,,https://planning.lewisham.gov.uk/online-applications/applicationDetails.do?activeTab=documents&keyVal=_LEWIS_DCAPR_79281,"Es - plot 3 landscape masterplan_150508 — drawing/reference: Vga-dept-03-90-Is-001 — Case Copy Documents, published 2015-06-01",,publish
DC_15_092295-document-register-293,DC/15/092295,,https://planning.lewisham.gov.uk/online-applications/applicationDetails.do?activeTab=documents&keyVal=_LEWIS_DCAPR_79281,"Es - plot 3 planting plan ground floor — drawing/reference: Vga-dept-03-94-ls-001 — Case Copy Documents, published 2015-06-01",,publish
DC_15_092295-document-register-294,DC/15/092295,,https://planning.lewisham.gov.uk/online-applications/applicationDetails.do?activeTab=documents&keyVal=_LEWIS_DCAPR_79281,"Es - plot 3 planting plan roof — drawing/reference: Vga-dept-03-94-ls-002 — Case Copy Documents, published 2015-06-01",,publish
DC_15_092295-document-register-295,DC/15/092295,,https://planning.lewisham.gov.uk/online-applications/applicationDetails.do?activeTab=documents&keyVal=_LEWIS_DCAPR_79281,"Es - plot 3 materiality and furniture plan ground floor — drawing/reference: Vga-dept-03-97-ls-001 — Case Copy Documents, published 2015-06-01",,publish
DC_15_092295-document-register-296,DC/15/092295,,https://planning.lewisham.gov.uk/online-applications/applicationDetails.do?activeTab=documents&keyVal=_LEWIS_DCAPR_79281,"Es - plot 3 materiality and furniture plan roof — drawing/reference: Vga-dept-03-97-ls-002 — Case Copy Documents, published 2015-06-01",,publish
DC_15_092295-document-register-297,DC/15/092295,,https://planning.lewisham.gov.uk/online-applications/applicationDetails.do?activeTab=documents&keyVal=_LEWIS_DCAPR_79281,"Es - site wide landscape masterplan — drawing/reference: Vga-dept-xxx-90-ls-001 — Case Copy Documents, published 2015-06-01",,publish
DC_15_092295-document-register-298,DC/15/092295,,https://planning.lewisham.gov.uk/online-applications/applicationDetails.do?activeTab=documents&keyVal=_LEWIS_DCAPR_79281,"Es - plot 1 sections — drawing/reference: Vga-dept-01-90-sec-001 — Case Copy Documents, published 2015-06-01",,publish
DC_15_092295-document-register-299,DC/15/092295,,https://planning.lewisham.gov.uk/online-applications/applicationDetails.do?activeTab=documents&keyVal=_LEWIS_DCAPR_79281,"Es - plot 1 sections — drawing/reference: Vga-dept-01-90-sec-002 — Case Copy Documents, published 2015-06-01",,publish
DC_15_092295-document-register-300,DC/15/092295,,https://planning.lewisham.gov.uk/online-applications/applicationDetails.do?activeTab=documents&keyVal=_LEWIS_DCAPR_79281,"Es - plot 2 sections — drawing/reference: Vga-dept-02-90-sec-001 — Case Copy Documents, published 2015-06-01",,publish
DC_15_092295-document-register-301,DC/15/092295,,https://planning.lewisham.gov.uk/online-applications/applicationDetails.do?activeTab=documents&keyVal=_LEWIS_DCAPR_79281,"Es - plot 2 sections — drawing/reference: Vga-dept-02-90-sec-002 — Case Copy Documents, published 2015-06-01",,publish
DC_15_092295-document-register-302,DC/15/092295,,https://planning.lewisham.gov.uk/online-applications/applicationDetails.do?activeTab=documents&keyVal=_LEWIS_DCAPR_79281,"Es - plot 2 sections — drawing/reference: Vga-dept-02-90-sec-003 — Case Copy Documents, published 2015-06-01",,publish
DC_15_092295-document-register-303,DC/15/092295,,https://planning.lewisham.gov.uk/online-applications/applicationDetails.do?activeTab=documents&keyVal=_LEWIS_DCAPR_79281,"Es - plot 3 sections — drawing/reference: Vga-dept-03-90-sec-001 — Case Copy Documents, published 2015-06-01",,publish
DC_15_092295-document-register-304,DC/15/092295,,https://planning.lewisham.gov.uk/online-applications/applicationDetails.do?activeTab=documents&keyVal=_LEWIS_DCAPR_79281,"Es - plot 3 sections — drawing/reference: Vga-dept-03-90-sec-002 — Case Copy Documents, published 2015-06-01",,publish
DC_15_092295-document-register-305,DC/15/092295,,https://planning.lewisham.gov.uk/online-applications/applicationDetails.do?activeTab=documents&keyVal=_LEWIS_DCAPR_79281,"Es - plot 3 sections — drawing/reference: Vga-dept-03-90-sec-003 — Case Copy Documents, published 2015-06-01",,publish
DC_15_092295-document-register-306,DC/15/092295,,https://planning.lewisham.gov.uk/online-applications/applicationDetails.do?activeTab=documents&keyVal=_LEWIS_DCAPR_79281,"Es - scoping report — Case Copy Documents, published 2015-06-01",,publish
DC_15_092295-document-register-307,DC/15/092295,,https://planning.lewisham.gov.uk/online-applications/applicationDetails.do?activeTab=documents&keyVal=_LEWIS_DCAPR_79281,"Es - scoping opinion — Case Copy Documents, published 2015-06-01",,publish
DC_15_092295-document-register-308,DC/15/092295,,https://planning.lewisham.gov.uk/online-applications/applicationDetails.do?activeTab=documents&keyVal=_LEWIS_DCAPR_79281,"Es - scoping opinion letter response — Case Copy Documents, published 2015-06-01",,publish
DC_15_092295-document-register-309,DC/15/092295,,https://planning.lewisham.gov.uk/online-applications/applicationDetails.do?activeTab=documents&keyVal=_LEWIS_DCAPR_79281,"Es - air quality — Case Copy Documents, published 2015-06-01",,publish
DC_15_092295-document-register-310,DC/15/092295,,https://planning.lewisham.gov.uk/online-applications/applicationDetails.do?activeTab=documents&keyVal=_LEWIS_DCAPR_79281,"Es - archaeological dba — Case Copy Documents, published 2015-06-01",,publish
DC_15_092295-document-register-311,DC/15/092295,,https://planning.lewisham.gov.uk/online-applications/applicationDetails.do?activeTab=documents&keyVal=_LEWIS_DCAPR_79281,"Es - heritage statement — Case Copy Documents, published 2015-06-01",,publish
DC_15_092295-document-register-312,DC/15/092295,,https://planning.lewisham.gov.uk/online-applications/applicationDetails.do?activeTab=documents&keyVal=_LEWIS_DCAPR_79281,"Es - flood risk assessment — Case Copy Documents, published 2015-06-01",,publish
DC_15_092295-document-register-313,DC/15/092295,,https://planning.lewisham.gov.uk/online-applications/applicationDetails.do?activeTab=documents&keyVal=_LEWIS_DCAPR_79281,"Es - drainage strategy — Case Copy Documents, published 2015-06-01",,publish
DC_15_092295-document-register-314,DC/15/092295,,https://planning.lewisham.gov.uk/online-applications/applicationDetails.do?activeTab=documents&keyVal=_LEWIS_DCAPR_79281,"Es - ecological appraisal — Case Copy Documents, published 2015-06-01",,publish
DC_15_092295-document-register-315,DC/15/092295,,https://planning.lewisham.gov.uk/online-applications/applicationDetails.do?activeTab=documents&keyVal=_LEWIS_DCAPR_79281,"Es - bat survey report — Case Copy Documents, published 2015-06-01",,publish
DC_15_092295-document-register-316,DC/15/092295,,https://planning.lewisham.gov.uk/online-applications/applicationDetails.do?activeTab=documents&keyVal=_LEWIS_DCAPR_79281,"Es - bird survey report — Case Copy Documents, published 2015-06-01",,publish
DC_15_092295-document-register-317,DC/15/092295,,https://planning.lewisham.gov.uk/online-applications/applicationDetails.do?activeTab=documents&keyVal=_LEWIS_DCAPR_79281,"Es - sensitive plan receptor — Case Copy Documents, published 2015-06-01",,publish
DC_15_092295-document-register-318,DC/15/092295,,https://planning.lewisham.gov.uk/online-applications/applicationDetails.do?activeTab=documents&keyVal=_LEWIS_DCAPR_79281,"Es - phase 1 environmental assessment — Case Copy Documents, published 2015-06-01",,publish
DC_15_092295-document-register-319,DC/15/092295,,https://planning.lewisham.gov.uk/online-applications/applicationDetails.do?activeTab=documents&keyVal=_LEWIS_DCAPR_79281,"Es - phase 2 geo-environmental assessment — Case Copy Documents, published 2015-06-01",,publish
DC_15_092295-document-register-320,DC/15/092295,,https://planning.lewisham.gov.uk/online-applications/applicationDetails.do?activeTab=documents&keyVal=_LEWIS_DCAPR_79281,"Es - ground contamination interpretative report — Case Copy Documents, published 2015-06-01",,publish
DC_15_092295-document-register-321,DC/15/092295,,https://planning.lewisham.gov.uk/online-applications/applicationDetails.do?activeTab=documents&keyVal=_LEWIS_DCAPR_79281,"Es - phase 1 environmental site assessment 2014 — Case Copy Documents, published 2015-06-01",,publish
DC_15_092295-document-register-322,DC/15/092295,,https://planning.lewisham.gov.uk/online-applications/applicationDetails.do?activeTab=documents&keyVal=_LEWIS_DCAPR_79281,"Es - factual intrusive investigation report — Case Copy Documents, published 2015-06-01",,publish
DC_15_092295-document-register-323,DC/15/092295,,https://planning.lewisham.gov.uk/online-applications/applicationDetails.do?activeTab=documents&keyVal=_LEWIS_DCAPR_79281,"Es - noise and vibration appendices — Case Copy Documents, published 2015-06-01",,publish
DC_15_092295-document-register-324,DC/15/092295,,https://planning.lewisham.gov.uk/online-applications/applicationDetails.do?activeTab=documents&keyVal=_LEWIS_DCAPR_79281,"Es - wind assessment figures — Case Copy Documents, published 2015-06-01",,publish
DC_15_092295-document-register-325,DC/15/092295,,https://planning.lewisham.gov.uk/online-applications/applicationDetails.do?activeTab=documents&keyVal=_LEWIS_DCAPR_79281,"Es - appendix 15.1 — Case Copy Documents, published 2015-06-01",,publish
DC_15_092295-document-register-326,DC/15/092295,,https://planning.lewisham.gov.uk/online-applications/applicationDetails.do?activeTab=documents&keyVal=_LEWIS_DCAPR_79281,"Es - appendix 15.2 — Case Copy Documents, published 2015-06-01",,publish
DC_15_092295-document-register-327,DC/15/092295,,https://planning.lewisham.gov.uk/online-applications/applicationDetails.do?activeTab=documents&keyVal=_LEWIS_DCAPR_79281,"Es - appendix 15.3 — Case Copy Documents, published 2015-06-01",,publish
DC_15_092295-document-register-328,DC/15/092295,,https://planning.lewisham.gov.uk/online-applications/applicationDetails.do?activeTab=documents&keyVal=_LEWIS_DCAPR_79281,"Es - appendix 15.4_part 1 — Case Copy Documents, published 2015-06-01",,publish
DC_15_092295-document-register-329,DC/15/092295,,https://planning.lewisham.gov.uk/online-applications/applicationDetails.do?activeTab=documents&keyVal=_LEWIS_DCAPR_79281,"Es - appendix 15.5 — Case Copy Documents, published 2015-06-01",,publish
DC_15_092295-document-register-330,DC/15/092295,,https://planning.lewisham.gov.uk/online-applications/applicationDetails.do?activeTab=documents&keyVal=_LEWIS_DCAPR_79281,"Es - appendix 15.6 — Case Copy Documents, published 2015-06-01",,publish
DC_15_092295-document-register-331,DC/15/092295,,https://planning.lewisham.gov.uk/online-applications/applicationDetails.do?activeTab=documents&keyVal=_LEWIS_DCAPR_79281,"Es - appendix 15.7 — Case Copy Documents, published 2015-06-01",,publish
DC_15_092295-document-register-332,DC/15/092295,,https://planning.lewisham.gov.uk/online-applications/applicationDetails.do?activeTab=documents&keyVal=_LEWIS_DCAPR_79281,"Es - appendix 15.8 — Case Copy Documents, published 2015-06-01",,publish
DC_15_092295-document-register-333,DC/15/092295,,https://planning.lewisham.gov.uk/online-applications/applicationDetails.do?activeTab=documents&keyVal=_LEWIS_DCAPR_79281,"Es - appendix 15.9 — Case Copy Documents, published 2015-06-01",,publish
DC_15_092295-document-register-334,DC/15/092295,,https://planning.lewisham.gov.uk/online-applications/applicationDetails.do?activeTab=documents&keyVal=_LEWIS_DCAPR_79281,"Es - appendix 15.10 — Case Copy Documents, published 2015-06-01",,publish
DC_15_092295-document-register-335,DC/15/092295,,https://planning.lewisham.gov.uk/online-applications/applicationDetails.do?activeTab=documents&keyVal=_LEWIS_DCAPR_79281,"Es - appendix 15.11 — Case Copy Documents, published 2015-06-01",,publish
DC_15_092295-document-register-336,DC/15/092295,,https://planning.lewisham.gov.uk/online-applications/applicationDetails.do?activeTab=documents&keyVal=_LEWIS_DCAPR_79281,"Es - appendix 15.12 — Case Copy Documents, published 2015-06-01",,publish
DC_15_092295-document-register-337,DC/15/092295,,https://planning.lewisham.gov.uk/online-applications/applicationDetails.do?activeTab=documents&keyVal=_LEWIS_DCAPR_79281,"Es - appendix 15.13 — Case Copy Documents, published 2015-06-01",,publish
DC_15_092295-document-register-338,DC/15/092295,,https://planning.lewisham.gov.uk/online-applications/applicationDetails.do?activeTab=documents&keyVal=_LEWIS_DCAPR_79281,"Es - appendix 15.14 — Case Copy Documents, published 2015-06-01",,publish
DC_15_092295-document-register-339,DC/15/092295,,https://planning.lewisham.gov.uk/online-applications/applicationDetails.do?activeTab=documents&keyVal=_LEWIS_DCAPR_79281,"Es - appendix 15.15 red line plan — Case Copy Documents, published 2015-06-01",,publish
DC_15_092295-document-register-340,DC/15/092295,,https://planning.lewisham.gov.uk/online-applications/applicationDetails.do?activeTab=documents&keyVal=_LEWIS_DCAPR_79281,"Es - appendix 15.4_part 2 — Case Copy Documents, published 2015-06-01",,publish
DC_15_092295-document-register-341,DC/15/092295,,https://planning.lewisham.gov.uk/online-applications/applicationDetails.do?activeTab=documents&keyVal=_LEWIS_DCAPR_79281,"Application form — Application Form, published 2015-05-19",,publish
DC_15_092295-document-register-342,DC/15/092295,,https://planning.lewisham.gov.uk/online-applications/applicationDetails.do?activeTab=documents&keyVal=_LEWIS_DCAPR_79281,"Schedules — Case Copy Documents, published 2015-05-19",,publish
DC_15_092295-document-register-343,DC/15/092295,,https://planning.lewisham.gov.uk/online-applications/applicationDetails.do?activeTab=documents&keyVal=_LEWIS_DCAPR_79281,"Planning obligation statement — Case Copy Documents, published 2015-05-19",,publish
DC_15_092295-document-register-344,DC/15/092295,,https://planning.lewisham.gov.uk/online-applications/applicationDetails.do?activeTab=documents&keyVal=_LEWIS_DCAPR_79281,"Development specification — Case Copy Documents, published 2015-05-19",,publish
DC_15_092295-document-register-345,DC/15/092295,,https://planning.lewisham.gov.uk/online-applications/applicationDetails.do?activeTab=documents&keyVal=_LEWIS_DCAPR_79281,"Statement of community involvement — Case Copy Documents, published 2015-05-19",,publish
DC_15_092295-document-register-346,DC/15/092295,,https://planning.lewisham.gov.uk/online-applications/applicationDetails.do?activeTab=documents&keyVal=_LEWIS_DCAPR_79281,"Planning statement — Case Copy Documents, published 2015-05-19",,publish
DC_15_092295-document-register-347,DC/15/092295,,https://planning.lewisham.gov.uk/online-applications/applicationDetails.do?activeTab=documents&keyVal=_LEWIS_DCAPR_79281,"Affordable housing statement — Case Copy Documents, published 2015-05-19",,publish
DC_15_092295-document-register-348,DC/15/092295,,https://planning.lewisham.gov.uk/online-applications/applicationDetails.do?activeTab=documents&keyVal=_LEWIS_DCAPR_79281,"Delivery strategy — Case Copy Documents, published 2015-05-19",,publish
DC_15_092295-document-register-349,DC/15/092295,,https://planning.lewisham.gov.uk/online-applications/applicationDetails.do?activeTab=documents&keyVal=_LEWIS_DCAPR_79281,"Commercial strategy — Case Copy Documents, published 2015-05-19",,publish
DC_15_092295-document-register-350,DC/15/092295,,https://planning.lewisham.gov.uk/online-applications/applicationDetails.do?activeTab=documents&keyVal=_LEWIS_DCAPR_79281,"Design code — Case Copy Documents, published 2015-05-19",,publish
DC_15_092295-document-register-351,DC/15/092295,,https://planning.lewisham.gov.uk/online-applications/applicationDetails.do?activeTab=documents&keyVal=_LEWIS_DCAPR_79281,"Transport assessment — Case Copy Documents, published 2015-05-19",,publish
DC_15_092295-document-register-352,DC/15/092295,,https://planning.lewisham.gov.uk/online-applications/applicationDetails.do?activeTab=documents&keyVal=_LEWIS_DCAPR_79281,"Travel plan — Case Copy Documents, published 2015-05-19",,publish
DC_15_092295-document-register-353,DC/15/092295,,https://planning.lewisham.gov.uk/online-applications/applicationDetails.do?activeTab=documents&keyVal=_LEWIS_DCAPR_79281,"Design and access statement - volume 1 architectural (part 1) — Case Copy Documents, published 2015-05-19",,publish
DC_15_092295-document-register-354,DC/15/092295,,https://planning.lewisham.gov.uk/online-applications/applicationDetails.do?activeTab=documents&keyVal=_LEWIS_DCAPR_79281,"Design and access statement - volume 1 architectural (part 2) — Case Copy Documents, published 2015-05-19",,publish
DC_15_092295-document-register-355,DC/15/092295,,https://planning.lewisham.gov.uk/online-applications/applicationDetails.do?activeTab=documents&keyVal=_LEWIS_DCAPR_79281,"Design and access statement - volume 1 architectural (part 3) — Case Copy Documents, published 2015-05-19",,publish
DC_15_092295-document-register-356,DC/15/092295,,https://planning.lewisham.gov.uk/online-applications/applicationDetails.do?activeTab=documents&keyVal=_LEWIS_DCAPR_79281,"Lighting impact assessment — Case Copy Documents, published 2015-05-19",,publish
DC_15_092295-document-register-357,DC/15/092295,,https://planning.lewisham.gov.uk/online-applications/applicationDetails.do?activeTab=documents&keyVal=_LEWIS_DCAPR_79281,"Lighting impact assessment final — Case Copy Documents, published 2015-05-19",,publish
DC_15_092295-document-register-358,DC/15/092295,,https://planning.lewisham.gov.uk/online-applications/applicationDetails.do?activeTab=documents&keyVal=_LEWIS_DCAPR_79281,"Design and access statement - volume 2 landscape architecture — Case Copy Documents, published 2015-05-19",,publish
DC_15_092295-document-register-359,DC/15/092295,,https://planning.lewisham.gov.uk/online-applications/applicationDetails.do?activeTab=documents&keyVal=_LEWIS_DCAPR_79281,"Lighting impact assessment - final — Case Copy Documents, published 2015-05-19",,publish
DC_15_092295-document-register-360,DC/15/092295,,https://planning.lewisham.gov.uk/online-applications/applicationDetails.do?activeTab=documents&keyVal=_LEWIS_DCAPR_79281,"Delivery and servicing plan — Case Copy Documents, published 2015-05-19",,publish
DC_15_092295-document-register-361,DC/15/092295,,https://planning.lewisham.gov.uk/online-applications/applicationDetails.do?activeTab=documents&keyVal=_LEWIS_DCAPR_79281,"Parking plan management — Case Copy Documents, published 2015-05-19",,publish
DC_15_092295-document-register-362,DC/15/092295,,https://planning.lewisham.gov.uk/online-applications/applicationDetails.do?activeTab=documents&keyVal=_LEWIS_DCAPR_79281,"Draft final cemp — Case Copy Documents, published 2015-05-19",,publish
DC_15_092295-document-register-363,DC/15/092295,,https://planning.lewisham.gov.uk/online-applications/applicationDetails.do?activeTab=documents&keyVal=_LEWIS_DCAPR_79281,"Framework construction traffic management plan — Case Copy Documents, published 2015-05-19",,publish
DC_15_092295-document-register-364,DC/15/092295,,https://planning.lewisham.gov.uk/online-applications/applicationDetails.do?activeTab=documents&keyVal=_LEWIS_DCAPR_79281,"Energy assessment — Case Copy Documents, published 2015-05-19",,publish
DC_15_092295-document-register-365,DC/15/092295,,https://planning.lewisham.gov.uk/online-applications/applicationDetails.do?activeTab=documents&keyVal=_LEWIS_DCAPR_79281,"Sustainability statement — Case Copy Documents, published 2015-05-19",,publish
DC_15_092295-document-register-366,DC/15/092295,,https://planning.lewisham.gov.uk/online-applications/applicationDetails.do?activeTab=documents&keyVal=_LEWIS_DCAPR_79281,"Ventilation extraction statement — Case Copy Documents, published 2015-05-19",,publish
DC_15_092295-document-register-367,DC/15/092295,,https://planning.lewisham.gov.uk/online-applications/applicationDetails.do?activeTab=documents&keyVal=_LEWIS_DCAPR_79281,"Health impact assessment — Case Copy Documents, published 2015-05-19",,publish
DC_15_092295-document-register-368,DC/15/092295,,https://planning.lewisham.gov.uk/online-applications/applicationDetails.do?activeTab=documents&keyVal=_LEWIS_DCAPR_79281,"Tree survey — Case Copy Documents, published 2015-05-19",,publish
DC_15_092295-document-register-369,DC/15/092295,,https://planning.lewisham.gov.uk/online-applications/applicationDetails.do?activeTab=documents&keyVal=_LEWIS_DCAPR_79281,"Existing site elevations (grove street) — drawing/reference: Hkb-dept-ex-06-ele-003 — Superseded Document, published 2015-05-19",,publish
DC_15_092295-document-register-370,DC/15/092295,,https://planning.lewisham.gov.uk/online-applications/applicationDetails.do?activeTab=documents&keyVal=_LEWIS_DCAPR_79281,"Parameter plan - vehicle access and circulation — drawing/reference: Hkb-dept-pa-06-sit-002 — Case Copy Drawings, published 2015-05-19",,publish
DC_15_092295-document-register-371,DC/15/092295,,https://planning.lewisham.gov.uk/online-applications/applicationDetails.do?activeTab=documents&keyVal=_LEWIS_DCAPR_79281,"Parameter plan - pedestrian and cycling access and circulation — drawing/reference: Hkb-dept-pa-06-sit-003 — Case Copy Drawings, published 2015-05-19",,publish
DC_15_092295-document-register-372,DC/15/092295,,https://planning.lewisham.gov.uk/online-applications/applicationDetails.do?activeTab=documents&keyVal=_LEWIS_DCAPR_79281,"Parameter plan - public realm and landscape — drawing/reference: Hkb-dept-pa-06-sit-004 — Case Copy Drawings, published 2015-05-19",,publish
DC_15_092295-document-register-373,DC/15/092295,,https://planning.lewisham.gov.uk/online-applications/applicationDetails.do?activeTab=documents&keyVal=_LEWIS_DCAPR_79281,"Parameter plan - location of non-residential uses at ground floor level — drawing/reference: Hkb-dept-pa-06-sit-005 — Case Copy Drawings, published 2015-05-19",,publish
DC_15_092295-document-register-374,DC/15/092295,,https://planning.lewisham.gov.uk/online-applications/applicationDetails.do?activeTab=documents&keyVal=_LEWIS_DCAPR_79281,"Parameter plan - proposed ground levels — drawing/reference: Hkb-dept-pa-06-sit-006 — Case Copy Drawings, published 2015-05-19",,publish
DC_15_092295-document-register-375,DC/15/092295,,https://planning.lewisham.gov.uk/online-applications/applicationDetails.do?activeTab=documents&keyVal=_LEWIS_DCAPR_79281,"Parameter plan - development zones and maximum height — drawing/reference: Hkb-dept-pa-06-sit-007 — Case Copy Drawings, published 2015-05-19",,publish
DC_15_092295-document-register-376,DC/15/092295,,https://planning.lewisham.gov.uk/online-applications/applicationDetails.do?activeTab=documents&keyVal=_LEWIS_DCAPR_79281,"Parameter plan - phasing — drawing/reference: Hkb-dept-pa-06-sit-008 — Case Copy Drawings, published 2015-05-19",,publish
DC_15_092295-document-register-377,DC/15/092295,,https://planning.lewisham.gov.uk/online-applications/applicationDetails.do?activeTab=documents&keyVal=_LEWIS_DCAPR_79281,"Site location plan — drawing/reference: Hkb-dept-ex-06-sit-001 — Case Copy Drawings, published 2015-05-19",,publish
DC_15_092295-document-register-378,DC/15/092295,,https://planning.lewisham.gov.uk/online-applications/applicationDetails.do?activeTab=documents&keyVal=_LEWIS_DCAPR_79281,"Existing layout plan — drawing/reference: Hkb-dept-ex-06-sit-002 — Case Copy Drawings, published 2015-05-19",,publish
DC_15_092295-document-register-379,DC/15/092295,,https://planning.lewisham.gov.uk/online-applications/applicationDetails.do?activeTab=documents&keyVal=_LEWIS_DCAPR_79281,"Extent of outline and detailed of the component scheme — drawing/reference: Hkb-dept-ex-06-sit-003 — Case Copy Drawings, published 2015-05-19",,publish
DC_15_092295-document-register-380,DC/15/092295,,https://planning.lewisham.gov.uk/online-applications/applicationDetails.do?activeTab=documents&keyVal=_LEWIS_DCAPR_79281,"Demolition plan — drawing/reference: Hkb-dept-ex-06-sit-004 — Case Copy Drawings, published 2015-05-19",,publish
DC_15_092295-document-register-381,DC/15/092295,,https://planning.lewisham.gov.uk/online-applications/applicationDetails.do?activeTab=documents&keyVal=_LEWIS_DCAPR_79281,"Site elevations — drawing/reference: Hkb-dept-mp-06-ele-001 — Superseded Document, published 2015-05-19",,publish
DC_15_092295-document-register-382,DC/15/092295,,https://planning.lewisham.gov.uk/online-applications/applicationDetails.do?activeTab=documents&keyVal=_LEWIS_DCAPR_79281,"Roof level masterplan — drawing/reference: Hkb-dept-mp-06-sit-001 — Case Copy Drawings, published 2015-05-19",,publish
DC_15_092295-document-register-383,DC/15/092295,,https://planning.lewisham.gov.uk/online-applications/applicationDetails.do?activeTab=documents&keyVal=_LEWIS_DCAPR_79281,"Proposed site wide ground floor plan — drawing/reference: Hkb-dept-mp-06-sit-002 — Case Copy Drawings, published 2015-05-19",,publish
DC_15_092295-document-register-384,DC/15/092295,,https://planning.lewisham.gov.uk/online-applications/applicationDetails.do?activeTab=documents&keyVal=_LEWIS_DCAPR_79281,"Proposed site wide first floor plan — drawing/reference: Hkb-dept-mp-06-sit-003 — Case Copy Drawings, published 2015-05-19",,publish
DC_15_092295-document-register-385,DC/15/092295,,https://planning.lewisham.gov.uk/online-applications/applicationDetails.do?activeTab=documents&keyVal=_LEWIS_DCAPR_79281,"Proposed site wide second floor plan — drawing/reference: Hkb-dept-mp-06-sit-004 — Case Copy Drawings, published 2015-05-19",,publish
DC_15_092295-document-register-386,DC/15/092295,,https://planning.lewisham.gov.uk/online-applications/applicationDetails.do?activeTab=documents&keyVal=_LEWIS_DCAPR_79281,"Grove street - ne elevation (block a-b-c) — drawing/reference: Hok-204829-01-06-ele-001 — Case Copy Drawings, published 2015-05-19",,publish
DC_15_092295-document-register-387,DC/15/092295,,https://planning.lewisham.gov.uk/online-applications/applicationDetails.do?activeTab=documents&keyVal=_LEWIS_DCAPR_79281,"Dragoon road - se elevation (block a-c) — drawing/reference: Hok-204829-01-06-ele-001 — Case Copy Drawings, published 2015-05-19",,publish
DC_15_092295-document-register-388,DC/15/092295,,https://planning.lewisham.gov.uk/online-applications/applicationDetails.do?activeTab=documents&keyVal=_LEWIS_DCAPR_79281,"Victoria street - nw elevation (block b-c) — drawing/reference: Hok-204829-01-06-ele-003 — Case Copy Drawings, published 2015-05-19",,publish
DC_15_092295-document-register-389,DC/15/092295,,https://planning.lewisham.gov.uk/online-applications/applicationDetails.do?activeTab=documents&keyVal=_LEWIS_DCAPR_79281,"Sw elevation (block a-b-c) — drawing/reference: Hok-204829-01-06-ele-004 — Case Copy Drawings, published 2015-05-19",,publish
DC_15_092295-document-register-390,DC/15/092295,,https://planning.lewisham.gov.uk/online-applications/applicationDetails.do?activeTab=documents&keyVal=_LEWIS_DCAPR_79281,"Sw elevation (block a-c) — drawing/reference: Hok-204829-01-06-ele-005 — Case Copy Drawings, published 2015-05-19",,publish
DC_15_092295-document-register-391,DC/15/092295,,https://planning.lewisham.gov.uk/online-applications/applicationDetails.do?activeTab=documents&keyVal=_LEWIS_DCAPR_79281,"Nw elevation (block a-c) — drawing/reference: Hok-204829-01-06-ele-006 — Case Copy Drawings, published 2015-05-19",,publish
DC_15_092295-document-register-392,DC/15/092295,,https://planning.lewisham.gov.uk/online-applications/applicationDetails.do?activeTab=documents&keyVal=_LEWIS_DCAPR_79281,"Ne elevation (block a-b) — drawing/reference: Hok-204829-01-06-ele-007 — Case Copy Drawings, published 2015-05-19",,publish
DC_15_092295-document-register-393,DC/15/092295,,https://planning.lewisham.gov.uk/online-applications/applicationDetails.do?activeTab=documents&keyVal=_LEWIS_DCAPR_79281,"Se elevation (block b) — drawing/reference: Hok-204829-01-06-ele-008 — Case Copy Drawings, published 2015-05-19",,publish
DC_15_092295-document-register-394,DC/15/092295,,https://planning.lewisham.gov.uk/online-applications/applicationDetails.do?activeTab=documents&keyVal=_LEWIS_DCAPR_79281,"Floor plan - ground & cp1 parking — drawing/reference: Hok-204829-01-06-grd-001 — Case Copy Drawings, published 2015-05-19",,publish
DC_15_092295-document-register-395,DC/15/092295,,https://planning.lewisham.gov.uk/online-applications/applicationDetails.do?activeTab=documents&keyVal=_LEWIS_DCAPR_79281,"Floor plan - level 1 & cp2 parking — drawing/reference: Hok-204829-01-06-101-002 — Case Copy Drawings, published 2015-05-19",,publish
DC_15_092295-document-register-396,DC/15/092295,,https://planning.lewisham.gov.uk/online-applications/applicationDetails.do?activeTab=documents&keyVal=_LEWIS_DCAPR_79281,"Floor plan - level 2 podium — drawing/reference: Hok-204829-01-06-102-003 — Case Copy Drawings, published 2015-05-19",,publish
DC_15_092295-document-register-397,DC/15/092295,,https://planning.lewisham.gov.uk/online-applications/applicationDetails.do?activeTab=documents&keyVal=_LEWIS_DCAPR_79281,"Floor plan - level 3 — drawing/reference: Hok-204829-01-06-103-004 — Case Copy Drawings, published 2015-05-19",,publish
DC_15_092295-document-register-398,DC/15/092295,,https://planning.lewisham.gov.uk/online-applications/applicationDetails.do?activeTab=documents&keyVal=_LEWIS_DCAPR_79281,"Floor plan - level 4 — drawing/reference: Hok-204829-01-06-104-005 — Case Copy Drawings, published 2015-05-19",,publish
DC_15_092295-document-register-399,DC/15/092295,,https://planning.lewisham.gov.uk/online-applications/applicationDetails.do?activeTab=documents&keyVal=_LEWIS_DCAPR_79281,"Floor plan - level 5 — drawing/reference: Hok-204829-01-06-105-006 — Case Copy Drawings, published 2015-05-19",,publish
DC_15_092295-document-register-400,DC/15/092295,,https://planning.lewisham.gov.uk/online-applications/applicationDetails.do?activeTab=documents&keyVal=_LEWIS_DCAPR_79281,"Floor plan - level 6 — drawing/reference: Hok-204829-01-06-l06-007 — Case Copy Drawings, published 2015-05-19",,publish
DC_15_092295-document-register-401,DC/15/092295,,https://planning.lewisham.gov.uk/online-applications/applicationDetails.do?activeTab=documents&keyVal=_LEWIS_DCAPR_79281,"Floor plan - level 7 — drawing/reference: Hok-204829-01-06-107-008 — Case Copy Drawings, published 2015-05-19",,publish
DC_15_092295-document-register-402,DC/15/092295,,https://planning.lewisham.gov.uk/online-applications/applicationDetails.do?activeTab=documents&keyVal=_LEWIS_DCAPR_79281,"Floor plan - level 8 — drawing/reference: Hok-204829-01-06-l08-009 — Case Copy Drawings, published 2015-05-19",,publish
DC_15_092295-document-register-403,DC/15/092295,,https://planning.lewisham.gov.uk/online-applications/applicationDetails.do?activeTab=documents&keyVal=_LEWIS_DCAPR_79281,"Floor plan - level 9 — drawing/reference: Hok-204829-01-06-109-010 — Case Copy Drawings, published 2015-05-19",,publish
DC_15_092295-document-register-404,DC/15/092295,,https://planning.lewisham.gov.uk/online-applications/applicationDetails.do?activeTab=documents&keyVal=_LEWIS_DCAPR_79281,"Floor plan - level 10 — drawing/reference: Hok-204829-01-06-110-011 — Case Copy Drawings, published 2015-05-19",,publish
DC_15_092295-document-register-405,DC/15/092295,,https://planning.lewisham.gov.uk/online-applications/applicationDetails.do?activeTab=documents&keyVal=_LEWIS_DCAPR_79281,"Floor plan - level 11 — drawing/reference: Hok-204829-01-06-111-012 — Case Copy Drawings, published 2015-05-19",,publish
DC_15_092295-document-register-406,DC/15/092295,,https://planning.lewisham.gov.uk/online-applications/applicationDetails.do?activeTab=documents&keyVal=_LEWIS_DCAPR_79281,"Floor plan - level 12 — drawing/reference: Hok-204829-01-06-112-013 — Case Copy Drawings, published 2015-05-19",,publish
DC_15_092295-document-register-407,DC/15/092295,,https://planning.lewisham.gov.uk/online-applications/applicationDetails.do?activeTab=documents&keyVal=_LEWIS_DCAPR_79281,"Floor plan - level 13 — drawing/reference: Hok-204829-01-06-113-014 — Case Copy Drawings, published 2015-05-19",,publish
DC_15_092295-document-register-408,DC/15/092295,,https://planning.lewisham.gov.uk/online-applications/applicationDetails.do?activeTab=documents&keyVal=_LEWIS_DCAPR_79281,"Floor plan - level 14 — drawing/reference: Hok-204829-01-06-114-015 — Case Copy Drawings, published 2015-05-19",,publish
DC_15_092295-document-register-409,DC/15/092295,,https://planning.lewisham.gov.uk/online-applications/applicationDetails.do?activeTab=documents&keyVal=_LEWIS_DCAPR_79281,"Floor plan - level 15 — drawing/reference: Hok-204829-01-06-115-016 — Case Copy Drawings, published 2015-05-19",,publish
DC_15_092295-document-register-410,DC/15/092295,,https://planning.lewisham.gov.uk/online-applications/applicationDetails.do?activeTab=documents&keyVal=_LEWIS_DCAPR_79281,"Floor plan - level 16 — drawing/reference: Hok-204829-01-06-116-017 — Case Copy Drawings, published 2015-05-19",,publish
DC_15_092295-document-register-411,DC/15/092295,,https://planning.lewisham.gov.uk/online-applications/applicationDetails.do?activeTab=documents&keyVal=_LEWIS_DCAPR_79281,"Floor plan - level 17 — drawing/reference: Hok-204829-01-06-117-018 — Case Copy Drawings, published 2015-05-19",,publish
DC_15_092295-document-register-412,DC/15/092295,,https://planning.lewisham.gov.uk/online-applications/applicationDetails.do?activeTab=documents&keyVal=_LEWIS_DCAPR_79281,"Floor plan - level 18 — drawing/reference: Hok-204829-01-06-118-019 — Case Copy Drawings, published 2015-05-19",,publish
DC_15_092295-document-register-413,DC/15/092295,,https://planning.lewisham.gov.uk/online-applications/applicationDetails.do?activeTab=documents&keyVal=_LEWIS_DCAPR_79281,"Floor plan - level 19 — drawing/reference: Hok-204829-01-06-119-020 — Case Copy Drawings, published 2015-05-19",,publish
DC_15_092295-document-register-414,DC/15/092295,,https://planning.lewisham.gov.uk/online-applications/applicationDetails.do?activeTab=documents&keyVal=_LEWIS_DCAPR_79281,"Floor plan - level 20 — drawing/reference: Hok-204829-01-06-l20-021 — Case Copy Drawings, published 2015-05-19",,publish
DC_15_092295-document-register-415,DC/15/092295,,https://planning.lewisham.gov.uk/online-applications/applicationDetails.do?activeTab=documents&keyVal=_LEWIS_DCAPR_79281,"Roof plan — drawing/reference: Hok-204829-01-06-rf-025 — Case Copy Drawings, published 2015-05-19",,publish
DC_15_092295-document-register-416,DC/15/092295,,https://planning.lewisham.gov.uk/online-applications/applicationDetails.do?activeTab=documents&keyVal=_LEWIS_DCAPR_79281,"Section a-a — drawing/reference: Hok-204829-01-06-sec-001 — Case Copy Drawings, published 2015-05-19",,publish
DC_15_092295-document-register-417,DC/15/092295,,https://planning.lewisham.gov.uk/online-applications/applicationDetails.do?activeTab=documents&keyVal=_LEWIS_DCAPR_79281,"Section b-b — drawing/reference: Hok-204829-01-06-sec-002 — Case Copy Drawings, published 2015-05-19",,publish
DC_15_092295-document-register-418,DC/15/092295,,https://planning.lewisham.gov.uk/online-applications/applicationDetails.do?activeTab=documents&keyVal=_LEWIS_DCAPR_79281,"Podium section - street grove — drawing/reference: Hok-204829-01-06-sec-003 — Case Copy Drawings, published 2015-05-19",,publish
DC_15_092295-document-register-419,DC/15/092295,,https://planning.lewisham.gov.uk/online-applications/applicationDetails.do?activeTab=documents&keyVal=_LEWIS_DCAPR_79281,"Ground floor plan ga — drawing/reference: Hkb-dept-02-06-grd-001 — Case Copy Drawings, published 2015-05-19",,publish
DC_15_092295-document-register-420,DC/15/092295,,https://planning.lewisham.gov.uk/online-applications/applicationDetails.do?activeTab=documents&keyVal=_LEWIS_DCAPR_79281,"First floor plan ga — drawing/reference: Hkb-dept-02-06-101-001 — Case Copy Drawings, published 2015-05-19",,publish
DC_15_092295-document-register-421,DC/15/092295,,https://planning.lewisham.gov.uk/online-applications/applicationDetails.do?activeTab=documents&keyVal=_LEWIS_DCAPR_79281,"Seventh floor plan ga — drawing/reference: Hkb-dept-02-06-107-001 — Case Copy Drawings, published 2015-05-19",,publish
DC_15_092295-document-register-422,DC/15/092295,,https://planning.lewisham.gov.uk/online-applications/applicationDetails.do?activeTab=documents&keyVal=_LEWIS_DCAPR_79281,"Eighth floor plan ga — drawing/reference: Hkb-dept-02-06-108-001 — Case Copy Drawings, published 2015-05-19",,publish
DC_15_092295-document-register-423,DC/15/092295,,https://planning.lewisham.gov.uk/online-applications/applicationDetails.do?activeTab=documents&keyVal=_LEWIS_DCAPR_79281,"9th floor plan ga — drawing/reference: Hkb-dept-02-06-109-001 — Case Copy Drawings, published 2015-05-19",,publish
DC_15_092295-document-register-424,DC/15/092295,,https://planning.lewisham.gov.uk/online-applications/applicationDetails.do?activeTab=documents&keyVal=_LEWIS_DCAPR_79281,"10th floor plan ga — drawing/reference: Hkb-dept-02-06-110-001 — Case Copy Drawings, published 2015-05-19",,publish
DC_15_092295-document-register-425,DC/15/092295,,https://planning.lewisham.gov.uk/online-applications/applicationDetails.do?activeTab=documents&keyVal=_LEWIS_DCAPR_79281,"11th floor plan ga — drawing/reference: Hkb-dept-02-06-111-001 — Case Copy Drawings, published 2015-05-19",,publish
DC_15_092295-document-register-426,DC/15/092295,,https://planning.lewisham.gov.uk/online-applications/applicationDetails.do?activeTab=documents&keyVal=_LEWIS_DCAPR_79281,"Roof plan ga — drawing/reference: Hkb-dept-02-06-rf-001 — Case Copy Drawings, published 2015-05-19",,publish
DC_15_092295-document-register-427,DC/15/092295,,https://planning.lewisham.gov.uk/online-applications/applicationDetails.do?activeTab=documents&keyVal=_LEWIS_DCAPR_79281,"Plot 2 - section aa — drawing/reference: Hkb-dept-02-06-sec-001 — Case Copy Drawings, published 2015-05-19",,publish
DC_15_092295-document-register-428,DC/15/092295,,https://planning.lewisham.gov.uk/online-applications/applicationDetails.do?activeTab=documents&keyVal=_LEWIS_DCAPR_79281,"Plot 2 - section bb — drawing/reference: Hkb-dept-02-06-sec-002 — Case Copy Drawings, published 2015-05-19",,publish
DC_15_092295-document-register-429,DC/15/092295,,https://planning.lewisham.gov.uk/online-applications/applicationDetails.do?activeTab=documents&keyVal=_LEWIS_DCAPR_79281,"Plot 2 - section cc — drawing/reference: Hkb-dept-02-06-sec-003 — Case Copy Drawings, published 2015-05-19",,publish
DC_15_092295-document-register-430,DC/15/092295,,https://planning.lewisham.gov.uk/online-applications/applicationDetails.do?activeTab=documents&keyVal=_LEWIS_DCAPR_79281,"Plot 3 - elevation 01 — drawing/reference: Hkb-dept-03-06-ele-001 — Case Copy Drawings, published 2015-05-19",,publish
DC_15_092295-document-register-431,DC/15/092295,,https://planning.lewisham.gov.uk/online-applications/applicationDetails.do?activeTab=documents&keyVal=_LEWIS_DCAPR_79281,"Plot 3 - elevation 02 — drawing/reference: Hkb-dept-03-06-ele-002 — Case Copy Drawings, published 2015-05-19",,publish
DC_15_092295-document-register-432,DC/15/092295,,https://planning.lewisham.gov.uk/online-applications/applicationDetails.do?activeTab=documents&keyVal=_LEWIS_DCAPR_79281,"Plot 3 - elevation 03 — drawing/reference: Hkb-dept-03-06-ele-003 — Case Copy Drawings, published 2015-05-19",,publish
DC_15_092295-document-register-433,DC/15/092295,,https://planning.lewisham.gov.uk/online-applications/applicationDetails.do?activeTab=documents&keyVal=_LEWIS_DCAPR_79281,"Plot 3 - elevation 04 — drawing/reference: Hkb-dept-03-06-ele-004 — Case Copy Drawings, published 2015-05-19",,publish
DC_15_092295-document-register-434,DC/15/092295,,https://planning.lewisham.gov.uk/online-applications/applicationDetails.do?activeTab=documents&keyVal=_LEWIS_DCAPR_79281,"Plot 3 - elevation 05 — drawing/reference: Hkb-dept-03-06-ele-005 — Case Copy Drawings, published 2015-05-19",,publish
DC_15_092295-document-register-435,DC/15/092295,,https://planning.lewisham.gov.uk/online-applications/applicationDetails.do?activeTab=documents&keyVal=_LEWIS_DCAPR_79281,"Plot 3 - elevation 06 — drawing/reference: Hkb-dept-03-06-ele-006 — Case Copy Drawings, published 2015-05-19",,publish
DC_15_092295-document-register-436,DC/15/092295,,https://planning.lewisham.gov.uk/online-applications/applicationDetails.do?activeTab=documents&keyVal=_LEWIS_DCAPR_79281,"Plot 3 - elevation 07 — drawing/reference: Hkb-dept-03-06-ele-007 — Case Copy Drawings, published 2015-05-19",,publish
DC_15_092295-document-register-437,DC/15/092295,,https://planning.lewisham.gov.uk/online-applications/applicationDetails.do?activeTab=documents&keyVal=_LEWIS_DCAPR_79281,"Plot 3 - elevation 08 — drawing/reference: Hkb-dept-03-06-ele-008 — Case Copy Drawings, published 2015-05-19",,publish
DC_15_092295-document-register-438,DC/15/092295,,https://planning.lewisham.gov.uk/online-applications/applicationDetails.do?activeTab=documents&keyVal=_LEWIS_DCAPR_79281,"Plot 3 - elevation 09 — drawing/reference: Hkb-dept-03-06-ele-009 — Case Copy Drawings, published 2015-05-19",,publish
DC_15_092295-document-register-439,DC/15/092295,,https://planning.lewisham.gov.uk/online-applications/applicationDetails.do?activeTab=documents&keyVal=_LEWIS_DCAPR_79281,"Plot 3 - elevation 010 — drawing/reference: Hkb-dept-03-06-ele-010 — Case Copy Drawings, published 2015-05-19",,publish
DC_15_092295-document-register-440,DC/15/092295,,https://planning.lewisham.gov.uk/online-applications/applicationDetails.do?activeTab=documents&keyVal=_LEWIS_DCAPR_79281,"Ground floor plan ga — drawing/reference: Hkb-dept-03-06-grd-001 — Case Copy Drawings, published 2015-05-19",,publish
DC_15_092295-document-register-441,DC/15/092295,,https://planning.lewisham.gov.uk/online-applications/applicationDetails.do?activeTab=documents&keyVal=_LEWIS_DCAPR_79281,"First floor plan ga — drawing/reference: Hkb-dept-03-06-101-001 — Case Copy Drawings, published 2015-05-19",,publish
DC_15_092295-document-register-442,DC/15/092295,,https://planning.lewisham.gov.uk/online-applications/applicationDetails.do?activeTab=documents&keyVal=_LEWIS_DCAPR_79281,"Second floor plan ga — drawing/reference: Hkb-dept-03-06-102-001 — Case Copy Drawings, published 2015-05-19",,publish
DC_15_092295-document-register-443,DC/15/092295,,https://planning.lewisham.gov.uk/online-applications/applicationDetails.do?activeTab=documents&keyVal=_LEWIS_DCAPR_79281,"Third floor plan ga — drawing/reference: Hkb-dept-03-06-103-001 — Case Copy Drawings, published 2015-05-19",,publish
DC_15_092295-document-register-444,DC/15/092295,,https://planning.lewisham.gov.uk/online-applications/applicationDetails.do?activeTab=documents&keyVal=_LEWIS_DCAPR_79281,"Fourth floor plan ga — drawing/reference: Hkb-dept-03-06-104-001 — Case Copy Drawings, published 2015-05-19",,publish
DC_15_092295-document-register-445,DC/15/092295,,https://planning.lewisham.gov.uk/online-applications/applicationDetails.do?activeTab=documents&keyVal=_LEWIS_DCAPR_79281,"Fifth floor plan ga — drawing/reference: Hkb-dept-03-06-105-001 — Case Copy Drawings, published 2015-05-19",,publish
DC_15_092295-document-register-446,DC/15/092295,,https://planning.lewisham.gov.uk/online-applications/applicationDetails.do?activeTab=documents&keyVal=_LEWIS_DCAPR_79281,"Sixth floor plan ga — drawing/reference: Hkb-dept-03-06-l06-001 — Case Copy Drawings, published 2015-05-19",,publish
DC_15_092295-document-register-447,DC/15/092295,,https://planning.lewisham.gov.uk/online-applications/applicationDetails.do?activeTab=documents&keyVal=_LEWIS_DCAPR_79281,"Seventh floor plan ga — drawing/reference: Hkb-dept-03-06-107-001 — Case Copy Drawings, published 2015-05-19",,publish
DC_15_092295-document-register-448,DC/15/092295,,https://planning.lewisham.gov.uk/online-applications/applicationDetails.do?activeTab=documents&keyVal=_LEWIS_DCAPR_79281,"Eighth floor plan ga — drawing/reference: Hkb-dept-03-06-108-001 — Case Copy Drawings, published 2015-05-19",,publish
DC_15_092295-document-register-449,DC/15/092295,,https://planning.lewisham.gov.uk/online-applications/applicationDetails.do?activeTab=documents&keyVal=_LEWIS_DCAPR_79281,"Ninth floor plan ga — drawing/reference: Hkb-dept-03-06-109-001 — Case Copy Drawings, published 2015-05-19",,publish
DC_15_092295-document-register-450,DC/15/092295,,https://planning.lewisham.gov.uk/online-applications/applicationDetails.do?activeTab=documents&keyVal=_LEWIS_DCAPR_79281,"Tenth floor plan ga — drawing/reference: Hkb-dept-03-06-110-001 — Case Copy Drawings, published 2015-05-19",,publish
DC_15_092295-document-register-451,DC/15/092295,,https://planning.lewisham.gov.uk/online-applications/applicationDetails.do?activeTab=documents&keyVal=_LEWIS_DCAPR_79281,"Roof plan ga — drawing/reference: Hkb-dept-03-06-rf-001 — Case Copy Drawings, published 2015-05-19",,publish
DC_15_092295-document-register-452,DC/15/092295,,https://planning.lewisham.gov.uk/online-applications/applicationDetails.do?activeTab=documents&keyVal=_LEWIS_DCAPR_79281,"Plot 1 landscape masterplan — drawing/reference: Vga-dept-01-90-Is-001 — Case Copy Drawings, published 2015-05-19",,publish
DC_15_092295-document-register-453,DC/15/092295,,https://planning.lewisham.gov.uk/online-applications/applicationDetails.do?activeTab=documents&keyVal=_LEWIS_DCAPR_79281,"Plot 1 planting plan ground floor — drawing/reference: Vga-dept-01-94-ls-001 — Case Copy Drawings, published 2015-05-19",,publish
DC_15_092295-document-register-454,DC/15/092295,,https://planning.lewisham.gov.uk/online-applications/applicationDetails.do?activeTab=documents&keyVal=_LEWIS_DCAPR_79281,"Plot 1 planting plan podium-roof — drawing/reference: Vga-dept-01-94-ls-002 — Case Copy Drawings, published 2015-05-19",,publish
DC_15_092295-document-register-455,DC/15/092295,,https://planning.lewisham.gov.uk/online-applications/applicationDetails.do?activeTab=documents&keyVal=_LEWIS_DCAPR_79281,"Plot 1 materiality and furniture plan ground floor — drawing/reference: Vga-dept-01-97-ls-001 — Case Copy Drawings, published 2015-05-19",,publish
DC_15_092295-document-register-456,DC/15/092295,,https://planning.lewisham.gov.uk/online-applications/applicationDetails.do?activeTab=documents&keyVal=_LEWIS_DCAPR_79281,"Plot 2 landscape masterplan — drawing/reference: Vga-dept-02-90-Is-001 — Case Copy Drawings, published 2015-05-19",,publish
DC_15_092295-document-register-457,DC/15/092295,,https://planning.lewisham.gov.uk/online-applications/applicationDetails.do?activeTab=documents&keyVal=_LEWIS_DCAPR_79281,"Plot 2 planting plan ground floor — drawing/reference: Vga-dept-02-94-ls-001 — Case Copy Drawings, published 2015-05-19",,publish
DC_15_092295-document-register-458,DC/15/092295,,https://planning.lewisham.gov.uk/online-applications/applicationDetails.do?activeTab=documents&keyVal=_LEWIS_DCAPR_79281,"Plot 2 planting plan podium-roof — drawing/reference: Vga-dept-02-94-ls-002 — Case Copy Drawings, published 2015-05-19",,publish
DC_15_092295-document-register-459,DC/15/092295,,https://planning.lewisham.gov.uk/online-applications/applicationDetails.do?activeTab=documents&keyVal=_LEWIS_DCAPR_79281,"Plot 2 materiality and furniture plan ground floor — drawing/reference: Vga-dept-02-97-ls-001 — Case Copy Drawings, published 2015-05-19",,publish
DC_15_092295-document-register-460,DC/15/092295,,https://planning.lewisham.gov.uk/online-applications/applicationDetails.do?activeTab=documents&keyVal=_LEWIS_DCAPR_79281,"Plot 2 materiality and furniture plan podium — drawing/reference: Vga-dept-02-97-ls-002 — Case Copy Drawings, published 2015-05-19",,publish
DC_15_092295-document-register-461,DC/15/092295,,https://planning.lewisham.gov.uk/online-applications/applicationDetails.do?activeTab=documents&keyVal=_LEWIS_DCAPR_79281,"Plot 3 landscape masterplan — drawing/reference: Vga-dept-03-90-Is-001 — Case Copy Drawings, published 2015-05-19",,publish
DC_15_092295-document-register-462,DC/15/092295,,https://planning.lewisham.gov.uk/online-applications/applicationDetails.do?activeTab=documents&keyVal=_LEWIS_DCAPR_79281,"Plot 3 planting plan ground floor — drawing/reference: Vga-dept-03-94-ls-001 — Case Copy Drawings, published 2015-05-19",,publish
DC_15_092295-document-register-463,DC/15/092295,,https://planning.lewisham.gov.uk/online-applications/applicationDetails.do?activeTab=documents&keyVal=_LEWIS_DCAPR_79281,"Plot 3 planting plan roof — drawing/reference: Vga-dept-03-94-ls-002 — Case Copy Drawings, published 2015-05-19",,publish
DC_15_092295-document-register-464,DC/15/092295,,https://planning.lewisham.gov.uk/online-applications/applicationDetails.do?activeTab=documents&keyVal=_LEWIS_DCAPR_79281,"Plot 3 materiality and furniture plan ground floor — drawing/reference: Vga-dept-03-97-ls-001 — Case Copy Drawings, published 2015-05-19",,publish
DC_15_092295-document-register-465,DC/15/092295,,https://planning.lewisham.gov.uk/online-applications/applicationDetails.do?activeTab=documents&keyVal=_LEWIS_DCAPR_79281,"Plot 3 materiality and furniture plan roof — drawing/reference: Vga-dept-03-97-ls-002 — Case Copy Drawings, published 2015-05-19",,publish
DC_15_092295-document-register-466,DC/15/092295,,https://planning.lewisham.gov.uk/online-applications/applicationDetails.do?activeTab=documents&keyVal=_LEWIS_DCAPR_79281,"Site wide landscape masterplan — drawing/reference: Vga-dept-xxx-90-ls-001 — Case Copy Drawings, published 2015-05-19",,publish
DC_15_092295-document-register-467,DC/15/092295,,https://planning.lewisham.gov.uk/online-applications/applicationDetails.do?activeTab=documents&keyVal=_LEWIS_DCAPR_79281,"Plot 1 sections podium — drawing/reference: Vga-dept-01-90-sec-001 — Case Copy Drawings, published 2015-05-19",,publish
DC_15_092295-document-register-468,DC/15/092295,,https://planning.lewisham.gov.uk/online-applications/applicationDetails.do?activeTab=documents&keyVal=_LEWIS_DCAPR_79281,"Plot 1 sections (grove street, dragon road and victoria street) — drawing/reference: Vga-dept-01-90-sec-002 — Case Copy Drawings, published 2015-05-19",,publish
DC_15_092295-document-register-469,DC/15/092295,,https://planning.lewisham.gov.uk/online-applications/applicationDetails.do?activeTab=documents&keyVal=_LEWIS_DCAPR_79281,"Plot 2 sections — drawing/reference: Vga-dept-02-90-sec-001 — Case Copy Drawings, published 2015-05-19",,publish
DC_15_092295-document-register-470,DC/15/092295,,https://planning.lewisham.gov.uk/online-applications/applicationDetails.do?activeTab=documents&keyVal=_LEWIS_DCAPR_79281,"Plot 2 sections — drawing/reference: Vga-dept-02-90-sec-002 — Case Copy Drawings, published 2015-05-19",,publish
DC_15_092295-document-register-471,DC/15/092295,,https://planning.lewisham.gov.uk/online-applications/applicationDetails.do?activeTab=documents&keyVal=_LEWIS_DCAPR_79281,"Plot 2 sections — drawing/reference: Vga-dept-02-90-sec-003 — Case Copy Drawings, published 2015-05-19",,publish
DC_15_092295-document-register-472,DC/15/092295,,https://planning.lewisham.gov.uk/online-applications/applicationDetails.do?activeTab=documents&keyVal=_LEWIS_DCAPR_79281,"Plot 3 sections — drawing/reference: Vga-dept-03-90-sec-001 — Case Copy Drawings, published 2015-05-19",,publish
DC_15_092295-document-register-473,DC/15/092295,,https://planning.lewisham.gov.uk/online-applications/applicationDetails.do?activeTab=documents&keyVal=_LEWIS_DCAPR_79281,"Plot 3 sections — drawing/reference: Vga-dept-03-90-sec-002 — Case Copy Drawings, published 2015-05-19",,publish
DC_15_092295-document-register-474,DC/15/092295,,https://planning.lewisham.gov.uk/online-applications/applicationDetails.do?activeTab=documents&keyVal=_LEWIS_DCAPR_79281,"Plot 3 sections — drawing/reference: Vga-dept-03-90-sec-003 — Case Copy Drawings, published 2015-05-19",,publish
DC_15_092295-document-register-475,DC/15/092295,,https://planning.lewisham.gov.uk/online-applications/applicationDetails.do?activeTab=documents&keyVal=_LEWIS_DCAPR_79281,"Drawing list — drawing/reference: Vla-sh-I-2082-001 — Case Copy Drawings, published 2015-05-19",,publish
DC_15_092295-document-register-476,DC/15/092295,,https://planning.lewisham.gov.uk/online-applications/applicationDetails.do?activeTab=documents&keyVal=_LEWIS_DCAPR_79281,"Accommodation schedule detailed — drawing/reference: Hkb-dept-06 — Case Copy Drawings, published 2015-05-19",,publish
DC_15_092295-document-register-477,DC/15/092295,,https://planning.lewisham.gov.uk/online-applications/applicationDetails.do?activeTab=documents&keyVal=_LEWIS_DCAPR_79281,"Accommodation schedule summary — drawing/reference: Hkb-dept-06 — Case Copy Drawings, published 2015-05-19",,publish
DC_15_092295-document-register-478,DC/15/092295,,https://planning.lewisham.gov.uk/online-applications/applicationDetails.do?activeTab=documents&keyVal=_LEWIS_DCAPR_79281,"London plan housing dwelling compliance spg schedule — drawing/reference: Hkb-dept-06 — Case Copy Drawings, published 2015-05-19",,publish
DC_15_092295-document-register-479,DC/15/092295,,https://planning.lewisham.gov.uk/online-applications/applicationDetails.do?activeTab=documents&keyVal=_LEWIS_DCAPR_79281,"London plan housing site wide compliance spg schedule — drawing/reference: Hkb-dept-06 — Case Copy Drawings, published 2015-05-19",,publish
DC_15_092295-document-register-480,DC/15/092295,,https://planning.lewisham.gov.uk/online-applications/applicationDetails.do?activeTab=documents&keyVal=_LEWIS_DCAPR_79281,"Site wide area rev i summary — drawing/reference: Hkb-dept-06 — Case Copy Drawings, published 2015-05-19",,publish
DC_15_092295-document-register-481,DC/15/092295,,https://planning.lewisham.gov.uk/online-applications/applicationDetails.do?activeTab=documents&keyVal=_LEWIS_DCAPR_79281,"Site wide unit schedule plot 1 plot 3 — drawing/reference: Hkb-dept-06 — Case Copy Drawings, published 2015-05-19",,publish
DC_15_092295-document-register-482,DC/15/092295,,https://planning.lewisham.gov.uk/online-applications/applicationDetails.do?activeTab=documents&keyVal=_LEWIS_DCAPR_79281,"Site wide unit schedule plot 2 — drawing/reference: Hkb-dept-06 — Case Copy Drawings, published 2015-05-19",,publish
DC_15_092295-document-register-483,DC/15/092295,,https://planning.lewisham.gov.uk/online-applications/applicationDetails.do?activeTab=documents&keyVal=_LEWIS_DCAPR_79281,"Site wide unit schedule summary — drawing/reference: Hkb-dept-06 — Case Copy Drawings, published 2015-05-19",,publish
DC_15_092295-document-register-484,DC/15/092295,,https://planning.lewisham.gov.uk/online-applications/applicationDetails.do?activeTab=documents&keyVal=_LEWIS_DCAPR_79281,"The wharves plot 1 issue sheet - planning submission — drawing/reference: 2015-05-08 - hok — Case Copy Drawings, published 2015-05-19",,publish
DC_15_092295-document-register-485,DC/15/092295,,https://planning.lewisham.gov.uk/online-applications/applicationDetails.do?activeTab=documents&keyVal=_LEWIS_DCAPR_79281,"Plot 1 detailed nia accommodation schedule — drawing/reference: 2015-05-08 — Case Copy Drawings, published 2015-05-19",,publish
DC_15_092295-document-register-486,DC/15/092295,,https://planning.lewisham.gov.uk/online-applications/applicationDetails.do?activeTab=documents&keyVal=_LEWIS_DCAPR_79281,"Plot detailed unit schedule — drawing/reference: 2015-05-08 — Case Copy Drawings, published 2015-05-19",,publish
DC_15_092295-document-register-487,DC/15/092295,,https://planning.lewisham.gov.uk/online-applications/applicationDetails.do?activeTab=documents&keyVal=_LEWIS_DCAPR_79281,"Plot 1 unit schedule summary — drawing/reference: 2015-05-08 — Case Copy Drawings, published 2015-05-19",,publish
DC_15_092295-document-register-488,DC/15/092295,,https://planning.lewisham.gov.uk/online-applications/applicationDetails.do?activeTab=documents&keyVal=_LEWIS_DCAPR_79281,"Plot 02 flat matrix types — drawing/reference: Hkb-dept-02-06-typ-000.1 — Case Copy Drawings, published 2015-05-19",,publish
DC_15_092295-document-register-489,DC/15/092295,,https://planning.lewisham.gov.uk/online-applications/applicationDetails.do?activeTab=documents&keyVal=_LEWIS_DCAPR_79281,"Plot 02 flat matrix types — drawing/reference: Hkb-dept-02-06-typ-000.2 — Case Copy Drawings, published 2015-05-19",,publish
DC_15_092295-document-register-490,DC/15/092295,,https://planning.lewisham.gov.uk/online-applications/applicationDetails.do?activeTab=documents&keyVal=_LEWIS_DCAPR_79281,"Plot 02 1b2p_typea — drawing/reference: Hkb-dept-02-06-typ-001 — Case Copy Drawings, published 2015-05-19",,publish
DC_15_092295-document-register-491,DC/15/092295,,https://planning.lewisham.gov.uk/online-applications/applicationDetails.do?activeTab=documents&keyVal=_LEWIS_DCAPR_79281,"Plot 02 1b2p_typeb — drawing/reference: Hkb-dept-02-06-typ-002 — Case Copy Drawings, published 2015-05-19",,publish
DC_15_092295-document-register-492,DC/15/092295,,https://planning.lewisham.gov.uk/online-applications/applicationDetails.do?activeTab=documents&keyVal=_LEWIS_DCAPR_79281,"Plot 02 1b2p_typec — drawing/reference: Hkb-dept-02-06-typ-003 — Case Copy Drawings, published 2015-05-19",,publish
DC_15_092295-document-register-493,DC/15/092295,,https://planning.lewisham.gov.uk/online-applications/applicationDetails.do?activeTab=documents&keyVal=_LEWIS_DCAPR_79281,"Plot 02 1b2p_typed — drawing/reference: Hkb-dept-02-06-typ-004 — Case Copy Drawings, published 2015-05-19",,publish
DC_15_092295-document-register-494,DC/15/092295,,https://planning.lewisham.gov.uk/online-applications/applicationDetails.do?activeTab=documents&keyVal=_LEWIS_DCAPR_79281,"Plot 02 1b2p_typee — drawing/reference: Hkb-dept-02-06-typ-005 — Case Copy Drawings, published 2015-05-19",,publish
DC_15_092295-document-register-495,DC/15/092295,,https://planning.lewisham.gov.uk/online-applications/applicationDetails.do?activeTab=documents&keyVal=_LEWIS_DCAPR_79281,"Plot 02 1b2p_typef — drawing/reference: Hkb-dept-02-06-typ-006 — Case Copy Drawings, published 2015-05-19",,publish
DC_15_092295-document-register-496,DC/15/092295,,https://planning.lewisham.gov.uk/online-applications/applicationDetails.do?activeTab=documents&keyVal=_LEWIS_DCAPR_79281,"Plot 02 2b3p_typea — drawing/reference: Hkb-dept-02-06-typ-007 — Case Copy Drawings, published 2015-05-19",,publish
DC_15_092295-document-register-497,DC/15/092295,,https://planning.lewisham.gov.uk/online-applications/applicationDetails.do?activeTab=documents&keyVal=_LEWIS_DCAPR_79281,"Plot 02 2b3p_typeb — drawing/reference: Hkb-dept-02-06-typ-008 — Case Copy Drawings, published 2015-05-19",,publish
DC_15_092295-document-register-498,DC/15/092295,,https://planning.lewisham.gov.uk/online-applications/applicationDetails.do?activeTab=documents&keyVal=_LEWIS_DCAPR_79281,"Plot 02 2b3p_typec — drawing/reference: Hkb-dept-02-06-typ-009 — Case Copy Drawings, published 2015-05-19",,publish
DC_15_092295-document-register-499,DC/15/092295,,https://planning.lewisham.gov.uk/online-applications/applicationDetails.do?activeTab=documents&keyVal=_LEWIS_DCAPR_79281,"Plot 02 2b3p_typed — drawing/reference: Hkb-dept-02-06-typ-010 — Case Copy Drawings, published 2015-05-19",,publish
DC_15_092295-document-register-500,DC/15/092295,,https://planning.lewisham.gov.uk/online-applications/applicationDetails.do?activeTab=documents&keyVal=_LEWIS_DCAPR_79281,"Plot 02 2b3p_typee — drawing/reference: Hkb-dept-02-06-typ-011 — Case Copy Drawings, published 2015-05-19",,publish
DC_15_092295-document-register-501,DC/15/092295,,https://planning.lewisham.gov.uk/online-applications/applicationDetails.do?activeTab=documents&keyVal=_LEWIS_DCAPR_79281,"Plot 02 2b4p_typea — drawing/reference: Hkb-dept-02-06-typ-012 — Case Copy Drawings, published 2015-05-19",,publish
DC_15_092295-document-register-502,DC/15/092295,,https://planning.lewisham.gov.uk/online-applications/applicationDetails.do?activeTab=documents&keyVal=_LEWIS_DCAPR_79281,"Plot 02 2b4p_typeb — drawing/reference: Hkb-dept-02-06-typ-013 — Case Copy Drawings, published 2015-05-19",,publish
DC_15_092295-document-register-503,DC/15/092295,,https://planning.lewisham.gov.uk/online-applications/applicationDetails.do?activeTab=documents&keyVal=_LEWIS_DCAPR_79281,"Plot 02 2b4p_typec — drawing/reference: Hkb-dept-02-06-typ-014 — Case Copy Drawings, published 2015-05-19",,publish
DC_15_092295-document-register-504,DC/15/092295,,https://planning.lewisham.gov.uk/online-applications/applicationDetails.do?activeTab=documents&keyVal=_LEWIS_DCAPR_79281,"Plot 02 2b4p_typed — drawing/reference: Hkb-dept-02-06-typ-015 — Case Copy Drawings, published 2015-05-19",,publish
DC_15_092295-document-register-505,DC/15/092295,,https://planning.lewisham.gov.uk/online-applications/applicationDetails.do?activeTab=documents&keyVal=_LEWIS_DCAPR_79281,"Plot 02 2b4p_typee — drawing/reference: Hkb-dept-02-06-typ-016 — Case Copy Drawings, published 2015-05-19",,publish
DC_15_092295-document-register-506,DC/15/092295,,https://planning.lewisham.gov.uk/online-applications/applicationDetails.do?activeTab=documents&keyVal=_LEWIS_DCAPR_79281,"Plot 02 2b4p_typef — drawing/reference: Hkb-dept-02-06-typ-017 — Case Copy Drawings, published 2015-05-19",,publish
DC_15_092295-document-register-507,DC/15/092295,,https://planning.lewisham.gov.uk/online-applications/applicationDetails.do?activeTab=documents&keyVal=_LEWIS_DCAPR_79281,"Plot 02 2b4p_typeg — drawing/reference: Hkb-dept-02-06-typ-018 — Case Copy Drawings, published 2015-05-19",,publish
DC_15_092295-document-register-508,DC/15/092295,,https://planning.lewisham.gov.uk/online-applications/applicationDetails.do?activeTab=documents&keyVal=_LEWIS_DCAPR_79281,"Plot 02 2b4p_typeh — drawing/reference: Hkb-dept-02-06-typ-019 — Case Copy Drawings, published 2015-05-19",,publish
DC_15_092295-document-register-509,DC/15/092295,,https://planning.lewisham.gov.uk/online-applications/applicationDetails.do?activeTab=documents&keyVal=_LEWIS_DCAPR_79281,"Plot 02 2b4p_typei — drawing/reference: Hkb-dept-02-06-typ-020 — Case Copy Drawings, published 2015-05-19",,publish
DC_15_092295-document-register-510,DC/15/092295,,https://planning.lewisham.gov.uk/online-applications/applicationDetails.do?activeTab=documents&keyVal=_LEWIS_DCAPR_79281,"Plot 02 2b4p_typej — drawing/reference: Hkb-dept-02-06-typ-021 — Case Copy Drawings, published 2015-05-19",,publish
DC_15_092295-document-register-511,DC/15/092295,,https://planning.lewisham.gov.uk/online-applications/applicationDetails.do?activeTab=documents&keyVal=_LEWIS_DCAPR_79281,"Plot 02 3b5p_typea — drawing/reference: Hkb-dept-02-06-typ-022 — Case Copy Drawings, published 2015-05-19",,publish
DC_15_092295-document-register-512,DC/15/092295,,https://planning.lewisham.gov.uk/online-applications/applicationDetails.do?activeTab=documents&keyVal=_LEWIS_DCAPR_79281,"Plot 02 3b5p_typeb — drawing/reference: Hkb-dept-02-06-typ-023 — Case Copy Drawings, published 2015-05-19",,publish
DC_15_092295-document-register-513,DC/15/092295,,https://planning.lewisham.gov.uk/online-applications/applicationDetails.do?activeTab=documents&keyVal=_LEWIS_DCAPR_79281,"Plot 02 3b5p_typec — drawing/reference: Hkb-dept-02-06-typ-024 — Case Copy Drawings, published 2015-05-19",,publish
DC_15_092295-document-register-514,DC/15/092295,,https://planning.lewisham.gov.uk/online-applications/applicationDetails.do?activeTab=documents&keyVal=_LEWIS_DCAPR_79281,"Plot 02 3b5p_typed — drawing/reference: Hkb-dept-02-06-typ-025 — Case Copy Drawings, published 2015-05-19",,publish
DC_15_092295-document-register-515,DC/15/092295,,https://planning.lewisham.gov.uk/online-applications/applicationDetails.do?activeTab=documents&keyVal=_LEWIS_DCAPR_79281,"Plot 02 3b5p_typee — drawing/reference: Hkb-dept-02-06-typ-026 — Case Copy Drawings, published 2015-05-19",,publish
DC_15_092295-document-register-516,DC/15/092295,,https://planning.lewisham.gov.uk/online-applications/applicationDetails.do?activeTab=documents&keyVal=_LEWIS_DCAPR_79281,"Plot 02 3b5p_typef — drawing/reference: Hkb-dept-02-06-typ-027 — Case Copy Drawings, published 2015-05-19",,publish
DC_15_092295-document-register-517,DC/15/092295,,https://planning.lewisham.gov.uk/online-applications/applicationDetails.do?activeTab=documents&keyVal=_LEWIS_DCAPR_79281,"Plot 02 3b5p_typeg — drawing/reference: Hkb-dept-02-06-typ-028 — Case Copy Drawings, published 2015-05-19",,publish
DC_15_092295-document-register-518,DC/15/092295,,https://planning.lewisham.gov.uk/online-applications/applicationDetails.do?activeTab=documents&keyVal=_LEWIS_DCAPR_79281,"Plot 02 3b6p_typea — drawing/reference: Hkb-dept-02-06-typ-029 — Case Copy Drawings, published 2015-05-19",,publish
DC_15_092295-document-register-519,DC/15/092295,,https://planning.lewisham.gov.uk/online-applications/applicationDetails.do?activeTab=documents&keyVal=_LEWIS_DCAPR_79281,"Plot 02 3b6p_typeb — drawing/reference: Hkb-dept-02-06-typ-030 — Case Copy Drawings, published 2015-05-19",,publish
DC_15_092295-document-register-520,DC/15/092295,,https://planning.lewisham.gov.uk/online-applications/applicationDetails.do?activeTab=documents&keyVal=_LEWIS_DCAPR_79281,"Plot 02 3b6p_typec — drawing/reference: Hkb-dept-02-06-typ-031 — Case Copy Drawings, published 2015-05-19",,publish
DC_15_092295-document-register-521,DC/15/092295,,https://planning.lewisham.gov.uk/online-applications/applicationDetails.do?activeTab=documents&keyVal=_LEWIS_DCAPR_79281,"Plot 02 3b6p_typed — drawing/reference: Hkb-dept-02-06-typ-032 — Case Copy Drawings, published 2015-05-19",,publish
DC_15_092295-document-register-522,DC/15/092295,,https://planning.lewisham.gov.uk/online-applications/applicationDetails.do?activeTab=documents&keyVal=_LEWIS_DCAPR_79281,"Plot 02 4b6p_typea — drawing/reference: Hkb-dept-02-06-typ-033 — Case Copy Drawings, published 2015-05-19",,publish
DC_15_092295-document-register-523,DC/15/092295,,https://planning.lewisham.gov.uk/online-applications/applicationDetails.do?activeTab=documents&keyVal=_LEWIS_DCAPR_79281,"Plot 02 4b7p_typea — drawing/reference: Hkb-dept-02-06-typ-034 — Case Copy Drawings, published 2015-05-19",,publish
DC_15_092295-document-register-524,DC/15/092295,,https://planning.lewisham.gov.uk/online-applications/applicationDetails.do?activeTab=documents&keyVal=_LEWIS_DCAPR_79281,"Plot 02 4b8p_typea — drawing/reference: Hkb-dept-02-06-typ-035 — Case Copy Drawings, published 2015-05-19",,publish
DC_15_092295-document-register-525,DC/15/092295,,https://planning.lewisham.gov.uk/online-applications/applicationDetails.do?activeTab=documents&keyVal=_LEWIS_DCAPR_79281,"Plot 02 1b2p_wc_typea — drawing/reference: Hkb-dept-02-06-typ-036 — Case Copy Drawings, published 2015-05-19",,publish
DC_15_092295-document-register-526,DC/15/092295,,https://planning.lewisham.gov.uk/online-applications/applicationDetails.do?activeTab=documents&keyVal=_LEWIS_DCAPR_79281,"Plot 02 2b3p_wc_typeb — drawing/reference: Hkb-dept-02-06-typ-037 — Case Copy Drawings, published 2015-05-19",,publish
DC_15_092295-document-register-527,DC/15/092295,,https://planning.lewisham.gov.uk/online-applications/applicationDetails.do?activeTab=documents&keyVal=_LEWIS_DCAPR_79281,"Plot 02 2b4p_wc_typec — drawing/reference: Hkb-dept-02-06-typ-038 — Case Copy Drawings, published 2015-05-19",,publish
DC_15_092295-document-register-528,DC/15/092295,,https://planning.lewisham.gov.uk/online-applications/applicationDetails.do?activeTab=documents&keyVal=_LEWIS_DCAPR_79281,"Plot 02 1b2p_wc_typed — drawing/reference: Hkb-dept-02-06-typ-039 — Case Copy Drawings, published 2015-05-19",,publish
DC_15_092295-document-register-529,DC/15/092295,,https://planning.lewisham.gov.uk/online-applications/applicationDetails.do?activeTab=documents&keyVal=_LEWIS_DCAPR_79281,"Plot 02 4b6p_typeb — drawing/reference: Hkb-dept-02-06-typ-040 — Case Copy Drawings, published 2015-05-19",,publish
DC_15_092295-document-register-530,DC/15/092295,,https://planning.lewisham.gov.uk/online-applications/applicationDetails.do?activeTab=documents&keyVal=_LEWIS_DCAPR_79281,"Plot 03 flat matrix types — drawing/reference: Hkb-dept-03-06-typ-000 — Case Copy Drawings, published 2015-05-19",,publish
DC_15_092295-document-register-531,DC/15/092295,,https://planning.lewisham.gov.uk/online-applications/applicationDetails.do?activeTab=documents&keyVal=_LEWIS_DCAPR_79281,"Plot 03 1b2p_typea — drawing/reference: Hkb-dept-03-06-typ-001 — Case Copy Drawings, published 2015-05-19",,publish
DC_15_092295-document-register-532,DC/15/092295,,https://planning.lewisham.gov.uk/online-applications/applicationDetails.do?activeTab=documents&keyVal=_LEWIS_DCAPR_79281,"Plot 03 1b2p_typeb — drawing/reference: Hkb-dept-03-06-typ-002 — Case Copy Drawings, published 2015-05-19",,publish
DC_15_092295-document-register-533,DC/15/092295,,https://planning.lewisham.gov.uk/online-applications/applicationDetails.do?activeTab=documents&keyVal=_LEWIS_DCAPR_79281,"[plot 03 1b2p_typec] — drawing/reference: Hkb-dept-03-06-typ-003 — Case Copy Drawings, published 2015-05-19",,publish
DC_15_092295-document-register-534,DC/15/092295,,https://planning.lewisham.gov.uk/online-applications/applicationDetails.do?activeTab=documents&keyVal=_LEWIS_DCAPR_79281,"Plot 03 2b3p_typea — drawing/reference: Hkb-dept-03-06-typ-004 — Case Copy Drawings, published 2015-05-19",,publish
DC_15_092295-document-register-535,DC/15/092295,,https://planning.lewisham.gov.uk/online-applications/applicationDetails.do?activeTab=documents&keyVal=_LEWIS_DCAPR_79281,"Plot 03 2b3p_typeb — drawing/reference: Hkb-dept-03-06-typ-005 — Case Copy Drawings, published 2015-05-19",,publish
DC_15_092295-document-register-536,DC/15/092295,,https://planning.lewisham.gov.uk/online-applications/applicationDetails.do?activeTab=documents&keyVal=_LEWIS_DCAPR_79281,"Plot 03 2b4p_typea — drawing/reference: Hkb-dept-03-06-typ-006 — Case Copy Drawings, published 2015-05-19",,publish
DC_15_092295-document-register-537,DC/15/092295,,https://planning.lewisham.gov.uk/online-applications/applicationDetails.do?activeTab=documents&keyVal=_LEWIS_DCAPR_79281,"Plot 03 2b4p_typeb — drawing/reference: Hkb-dept-03-06-typ-007 — Case Copy Drawings, published 2015-05-19",,publish
DC_15_092295-document-register-538,DC/15/092295,,https://planning.lewisham.gov.uk/online-applications/applicationDetails.do?activeTab=documents&keyVal=_LEWIS_DCAPR_79281,"Plot 03 2b4p_typec — drawing/reference: Hkb-dept-03-06-typ-008 — Case Copy Drawings, published 2015-05-19",,publish
DC_15_092295-document-register-539,DC/15/092295,,https://planning.lewisham.gov.uk/online-applications/applicationDetails.do?activeTab=documents&keyVal=_LEWIS_DCAPR_79281,"Plot 03 2b4p_typed — drawing/reference: Hkb-dept-03-06-typ-009 — Case Copy Drawings, published 2015-05-19",,publish
DC_15_092295-document-register-540,DC/15/092295,,https://planning.lewisham.gov.uk/online-applications/applicationDetails.do?activeTab=documents&keyVal=_LEWIS_DCAPR_79281,"Plot 03 3b5p_typea — drawing/reference: Hkb-dept-03-06-typ-010 — Case Copy Drawings, published 2015-05-19",,publish
DC_15_092295-document-register-541,DC/15/092295,,https://planning.lewisham.gov.uk/online-applications/applicationDetails.do?activeTab=documents&keyVal=_LEWIS_DCAPR_79281,"Plot 03 4b6p_typea — drawing/reference: Hkb-dept-03-06-typ-011 — Case Copy Drawings, published 2015-05-19",,publish
DC_15_092295-document-register-542,DC/15/092295,,https://planning.lewisham.gov.uk/online-applications/applicationDetails.do?activeTab=documents&keyVal=_LEWIS_DCAPR_79281,"Plot 03 4b7p_typea — drawing/reference: Hkb-dept-03-06-typ-012 — Case Copy Drawings, published 2015-05-19",,publish
DC_15_092295-document-register-543,DC/15/092295,,https://planning.lewisham.gov.uk/online-applications/applicationDetails.do?activeTab=documents&keyVal=_LEWIS_DCAPR_79281,"Plot 03 4b7p_typeb — drawing/reference: Hkb-dept-03-06-typ-013 — Case Copy Drawings, published 2015-05-19",,publish
DC_15_092295-document-register-544,DC/15/092295,,https://planning.lewisham.gov.uk/online-applications/applicationDetails.do?activeTab=documents&keyVal=_LEWIS_DCAPR_79281,"Plot 03 1b2p_wc_typea — drawing/reference: Hkb-dept-03-06-typ-014 — Case Copy Drawings, published 2015-05-19",,publish
DC_15_092295-document-register-545,DC/15/092295,,https://planning.lewisham.gov.uk/online-applications/applicationDetails.do?activeTab=documents&keyVal=_LEWIS_DCAPR_79281,"Plot 03 1b2p_wc_typeb — drawing/reference: Hkb-dept-03-06-typ-015 — Case Copy Drawings, published 2015-05-19",,publish
DC_15_092295-document-register-546,DC/15/092295,,https://planning.lewisham.gov.uk/online-applications/applicationDetails.do?activeTab=documents&keyVal=_LEWIS_DCAPR_79281,"Plot 03 1b2p_wc_typec — drawing/reference: Hkb-dept-03-06-typ-016 — Case Copy Drawings, published 2015-05-19",,publish
DC_15_092295-document-register-547,DC/15/092295,,https://planning.lewisham.gov.uk/online-applications/applicationDetails.do?activeTab=documents&keyVal=_LEWIS_DCAPR_79281,"Plot 03 1b2p_wc_typed — drawing/reference: Hkb-dept-03-06-typ-017 — Case Copy Drawings, published 2015-05-19",,publish
DC_15_092295-document-register-548,DC/15/092295,,https://planning.lewisham.gov.uk/online-applications/applicationDetails.do?activeTab=documents&keyVal=_LEWIS_DCAPR_79281,"Plot 03 1b2p_wc_typee — drawing/reference: Hkb-dept-03-06-typ-018 — Case Copy Drawings, published 2015-05-19",,publish
DC_15_092295-document-register-549,DC/15/092295,,https://planning.lewisham.gov.uk/online-applications/applicationDetails.do?activeTab=documents&keyVal=_LEWIS_DCAPR_79281,"Plot 03 2b3p_wc_typef — drawing/reference: Hkb-dept-03-06-typ-019 — Case Copy Drawings, published 2015-05-19",,publish
DC_15_092295-document-register-550,DC/15/092295,,https://planning.lewisham.gov.uk/online-applications/applicationDetails.do?activeTab=documents&keyVal=_LEWIS_DCAPR_79281,"Plot 03 2b3p_wc_typeg — drawing/reference: Hkb-dept-03-06-typ-020 — Case Copy Drawings, published 2015-05-19",,publish
DC_15_092295-document-register-551,DC/15/092295,,https://planning.lewisham.gov.uk/online-applications/applicationDetails.do?activeTab=documents&keyVal=_LEWIS_DCAPR_79281,"Plot 03 1b2p_wc_typeh — drawing/reference: Hkb-dept-03-06-typ-021 — Case Copy Drawings, published 2015-05-19",,publish
DC_15_092295-document-register-552,DC/15/092295,,https://planning.lewisham.gov.uk/online-applications/applicationDetails.do?activeTab=documents&keyVal=_LEWIS_DCAPR_79281,"Plot 03 1b2p_wc_typei — drawing/reference: Hkb-dept-03-06-typ-022 — Case Copy Drawings, published 2015-05-19",,publish
DC_16_097629-document-register-001,DC/16/097629,,https://planning.lewisham.gov.uk/online-applications/applicationDetails.do?activeTab=documents&keyVal=_LEWIS_DCAPR_85105,"Application form — Application Form, published 2016-07-21",,publish
DC_16_097629-document-register-002,DC/16/097629,,https://planning.lewisham.gov.uk/online-applications/applicationDetails.do?activeTab=documents&keyVal=_LEWIS_DCAPR_85105,"Planning statement — Case Copy Documents, published 2016-07-21",,publish
DC_16_097629-document-register-003,DC/16/097629,,https://planning.lewisham.gov.uk/online-applications/applicationDetails.do?activeTab=documents&keyVal=_LEWIS_DCAPR_85105,"Construction logistics plan — Case Copy Documents, published 2016-07-21",,publish
DC_16_097629-document-register-004,DC/16/097629,,https://planning.lewisham.gov.uk/online-applications/applicationDetails.do?activeTab=documents&keyVal=_LEWIS_DCAPR_85105,"Delivery and servicing management plan — Case Copy Documents, published 2016-07-21",,publish
DC_16_097629-document-register-005,DC/16/097629,,https://planning.lewisham.gov.uk/online-applications/applicationDetails.do?activeTab=documents&keyVal=_LEWIS_DCAPR_85105,"Interim residential travel plan — Case Copy Documents, published 2016-07-21",,publish
DC_16_097629-document-register-006,DC/16/097629,,https://planning.lewisham.gov.uk/online-applications/applicationDetails.do?activeTab=documents&keyVal=_LEWIS_DCAPR_85105,"Interim retail travel plan — Case Copy Documents, published 2016-07-21",,publish
DC_16_097629-document-register-007,DC/16/097629,,https://planning.lewisham.gov.uk/online-applications/applicationDetails.do?activeTab=documents&keyVal=_LEWIS_DCAPR_85105,"Transport assessment — Case Copy Documents, published 2016-07-21",,publish
DC_16_097629-document-register-008,DC/16/097629,,https://planning.lewisham.gov.uk/online-applications/applicationDetails.do?activeTab=documents&keyVal=_LEWIS_DCAPR_85105,"Statement of community involvement — Case Copy Documents, published 2016-07-21",,publish
DC_16_097629-document-register-009,DC/16/097629,,https://planning.lewisham.gov.uk/online-applications/applicationDetails.do?activeTab=documents&keyVal=_LEWIS_DCAPR_85105,"Main report: Environmental statement volume 1 — Case Copy Documents, published 2016-07-21",,publish
DC_16_097629-document-register-010,DC/16/097629,,https://planning.lewisham.gov.uk/online-applications/applicationDetails.do?activeTab=documents&keyVal=_LEWIS_DCAPR_85105,"Appendices: Environmental statement volume 2 — Case Copy Documents, published 2016-07-21",,publish
DC_16_097629-document-register-011,DC/16/097629,,https://planning.lewisham.gov.uk/online-applications/applicationDetails.do?activeTab=documents&keyVal=_LEWIS_DCAPR_85105,"Appendix 5-a: Environmental statement volume 3 — Case Copy Documents, published 2016-07-21",,publish
DC_16_097629-document-register-012,DC/16/097629,,https://planning.lewisham.gov.uk/online-applications/applicationDetails.do?activeTab=documents&keyVal=_LEWIS_DCAPR_85105,"Design and access statement — Case Copy Documents, published 2016-07-21",,publish
DC_16_097629-document-register-013,DC/16/097629,,https://planning.lewisham.gov.uk/online-applications/applicationDetails.do?activeTab=documents&keyVal=_LEWIS_DCAPR_85105,"Site waste management plan — Case Copy Documents, published 2016-07-21",,publish
DC_16_097629-document-register-014,DC/16/097629,,https://planning.lewisham.gov.uk/online-applications/applicationDetails.do?activeTab=documents&keyVal=_LEWIS_DCAPR_85105,"Energy and sustainability report — Case Copy Documents, published 2016-07-21",,publish
DC_16_097629-document-register-015,DC/16/097629,,https://planning.lewisham.gov.uk/online-applications/applicationDetails.do?activeTab=documents&keyVal=_LEWIS_DCAPR_85105,"Artificial lighting assessment — Case Copy Documents, published 2016-07-21",,publish
DC_16_097629-document-register-016,DC/16/097629,,https://planning.lewisham.gov.uk/online-applications/applicationDetails.do?activeTab=documents&keyVal=_LEWIS_DCAPR_85105,"Archaeological desk-based assessment — Case Copy Documents, published 2016-07-21",,publish
DC_16_097629-document-register-017,DC/16/097629,,https://planning.lewisham.gov.uk/online-applications/applicationDetails.do?activeTab=documents&keyVal=_LEWIS_DCAPR_85105,"Arboricultural impact assessment — Case Copy Documents, published 2016-07-21",,publish
DC_16_097629-document-register-018,DC/16/097629,,https://planning.lewisham.gov.uk/online-applications/applicationDetails.do?activeTab=documents&keyVal=_LEWIS_DCAPR_85105,"Arboricultural report — Case Copy Documents, published 2016-07-21",,publish
DC_16_097629-document-register-019,DC/16/097629,,https://planning.lewisham.gov.uk/online-applications/applicationDetails.do?activeTab=documents&keyVal=_LEWIS_DCAPR_85105,"A2605 101-r1: Existing ground floor plan — Case Copy Drawings, published 2016-07-21",,publish
DC_16_097629-document-register-020,DC/16/097629,,https://planning.lewisham.gov.uk/online-applications/applicationDetails.do?activeTab=documents&keyVal=_LEWIS_DCAPR_85105,"A2605 102-r1: Existing roof plan — Case Copy Drawings, published 2016-07-21",,publish
DC_16_097629-document-register-021,DC/16/097629,,https://planning.lewisham.gov.uk/online-applications/applicationDetails.do?activeTab=documents&keyVal=_LEWIS_DCAPR_85105,"A2605 110-r1: Existing sections — Case Copy Drawings, published 2016-07-21",,publish
DC_16_097629-document-register-022,DC/16/097629,,https://planning.lewisham.gov.uk/online-applications/applicationDetails.do?activeTab=documents&keyVal=_LEWIS_DCAPR_85105,"A2605 120-r1: Existing elevations — Case Copy Drawings, published 2016-07-21",,publish
DC_16_097629-document-register-023,DC/16/097629,,https://planning.lewisham.gov.uk/online-applications/applicationDetails.do?activeTab=documents&keyVal=_LEWIS_DCAPR_85105,"A2605 1-r1: Existing site location plan — Case Copy Drawings, published 2016-07-21",,publish
DC_16_097629-document-register-024,DC/16/097629,,https://planning.lewisham.gov.uk/online-applications/applicationDetails.do?activeTab=documents&keyVal=_LEWIS_DCAPR_85105,"A2605 2-r1: Proposed site location plan — Case Copy Drawings, published 2016-07-21",,publish
DC_16_097629-document-register-025,DC/16/097629,,https://planning.lewisham.gov.uk/online-applications/applicationDetails.do?activeTab=documents&keyVal=_LEWIS_DCAPR_85105,"A2605 3-r1: Existing block plan — Case Copy Drawings, published 2016-07-21",,publish
DC_16_097629-document-register-026,DC/16/097629,,https://planning.lewisham.gov.uk/online-applications/applicationDetails.do?activeTab=documents&keyVal=_LEWIS_DCAPR_85105,"A2605 4-r1: Proposed block plan — Case Copy Drawings, published 2016-07-21",,publish
DC_16_097629-document-register-027,DC/16/097629,,https://planning.lewisham.gov.uk/online-applications/applicationDetails.do?activeTab=documents&keyVal=_LEWIS_DCAPR_85105,"A2605 200-r1: Proposed site plan — Case Copy Drawings, published 2016-07-21",,publish
DC_16_097629-document-register-028,DC/16/097629,,https://planning.lewisham.gov.uk/online-applications/applicationDetails.do?activeTab=documents&keyVal=_LEWIS_DCAPR_85105,"A2605 210-r1: Proposed ground floor plan — Case Copy Drawings, published 2016-07-21",,publish
DC_16_097629-document-register-029,DC/16/097629,,https://planning.lewisham.gov.uk/online-applications/applicationDetails.do?activeTab=documents&keyVal=_LEWIS_DCAPR_85105,"A2605 211-r1: Proposed 1st floor plan — Case Copy Drawings, published 2016-07-21",,publish
DC_16_097629-document-register-030,DC/16/097629,,https://planning.lewisham.gov.uk/online-applications/applicationDetails.do?activeTab=documents&keyVal=_LEWIS_DCAPR_85105,"A2605 212-r1: Proposed 2nd floor plan — Case Copy Drawings, published 2016-07-21",,publish
DC_16_097629-document-register-031,DC/16/097629,,https://planning.lewisham.gov.uk/online-applications/applicationDetails.do?activeTab=documents&keyVal=_LEWIS_DCAPR_85105,"A2605 213-r1: Proposed 3rd floor plan — Case Copy Drawings, published 2016-07-21",,publish
DC_16_097629-document-register-032,DC/16/097629,,https://planning.lewisham.gov.uk/online-applications/applicationDetails.do?activeTab=documents&keyVal=_LEWIS_DCAPR_85105,"A2605 214-r1: Proposed 4th and 5th floor plans — Case Copy Drawings, published 2016-07-21",,publish
DC_16_097629-document-register-033,DC/16/097629,,https://planning.lewisham.gov.uk/online-applications/applicationDetails.do?activeTab=documents&keyVal=_LEWIS_DCAPR_85105,"A2605 216-r1: Proposed 6th floor plans — Case Copy Drawings, published 2016-07-21",,publish
DC_16_097629-document-register-034,DC/16/097629,,https://planning.lewisham.gov.uk/online-applications/applicationDetails.do?activeTab=documents&keyVal=_LEWIS_DCAPR_85105,"A2605 217-r1: Proposed 7th floor plans — Case Copy Drawings, published 2016-07-21",,publish
DC_16_097629-document-register-035,DC/16/097629,,https://planning.lewisham.gov.uk/online-applications/applicationDetails.do?activeTab=documents&keyVal=_LEWIS_DCAPR_85105,"A2605 218-r1: Proposed 8th to 12th floor plans — Case Copy Drawings, published 2016-07-21",,publish
DC_16_097629-document-register-036,DC/16/097629,,https://planning.lewisham.gov.uk/online-applications/applicationDetails.do?activeTab=documents&keyVal=_LEWIS_DCAPR_85105,"A2605 223-r1: Proposed 13th to 14th floor plans — Case Copy Drawings, published 2016-07-21",,publish
DC_16_097629-document-register-037,DC/16/097629,,https://planning.lewisham.gov.uk/online-applications/applicationDetails.do?activeTab=documents&keyVal=_LEWIS_DCAPR_85105,"A2605 225-r1: Proposed 15th to 16th floor plans — Case Copy Drawings, published 2016-07-21",,publish
DC_16_097629-document-register-038,DC/16/097629,,https://planning.lewisham.gov.uk/online-applications/applicationDetails.do?activeTab=documents&keyVal=_LEWIS_DCAPR_85105,"A2605 227-r1: Proposed 17th to 18th floor plans — Case Copy Drawings, published 2016-07-21",,publish
DC_16_097629-document-register-039,DC/16/097629,,https://planning.lewisham.gov.uk/online-applications/applicationDetails.do?activeTab=documents&keyVal=_LEWIS_DCAPR_85105,"A2605 229-r1: Proposed 19th floor plans — Case Copy Drawings, published 2016-07-21",,publish
DC_16_097629-document-register-040,DC/16/097629,,https://planning.lewisham.gov.uk/online-applications/applicationDetails.do?activeTab=documents&keyVal=_LEWIS_DCAPR_85105,"A2605 230-r1: Proposed 20th to 23rd floor plans — Case Copy Drawings, published 2016-07-21",,publish
DC_16_097629-document-register-041,DC/16/097629,,https://planning.lewisham.gov.uk/online-applications/applicationDetails.do?activeTab=documents&keyVal=_LEWIS_DCAPR_85105,"A2605 234-r1: Proposed roof plan — Case Copy Drawings, published 2016-07-21",,publish
DC_16_097629-document-register-042,DC/16/097629,,https://planning.lewisham.gov.uk/online-applications/applicationDetails.do?activeTab=documents&keyVal=_LEWIS_DCAPR_85105,"A2605 300-r1: Proposed section aa — Case Copy Drawings, published 2016-07-21",,publish
DC_16_097629-document-register-043,DC/16/097629,,https://planning.lewisham.gov.uk/online-applications/applicationDetails.do?activeTab=documents&keyVal=_LEWIS_DCAPR_85105,"A2605 301-r1: Proposed section bb — Case Copy Drawings, published 2016-07-21",,publish
DC_16_097629-document-register-044,DC/16/097629,,https://planning.lewisham.gov.uk/online-applications/applicationDetails.do?activeTab=documents&keyVal=_LEWIS_DCAPR_85105,"A2605 400-r1: Proposed elevations — Case Copy Drawings, published 2016-07-21",,publish
DC_16_097629-document-register-045,DC/16/097629,,https://planning.lewisham.gov.uk/online-applications/applicationDetails.do?activeTab=documents&keyVal=_LEWIS_DCAPR_85105,"A2605 401-r1: Proposed elevations jerrard street — Case Copy Drawings, published 2016-07-21",,publish
DC_16_097629-document-register-046,DC/16/097629,,https://planning.lewisham.gov.uk/online-applications/applicationDetails.do?activeTab=documents&keyVal=_LEWIS_DCAPR_85105,"A2605 402-r1: Proposed elevations thurston road — Case Copy Drawings, published 2016-07-21",,publish
DC_16_097629-document-register-047,DC/16/097629,,https://planning.lewisham.gov.uk/online-applications/applicationDetails.do?activeTab=documents&keyVal=_LEWIS_DCAPR_85105,"A2605 410-r1: Proposed elevations buildings d,e and f — Case Copy Drawings, published 2016-07-21",,publish
DC_16_097629-document-register-048,DC/16/097629,,https://planning.lewisham.gov.uk/online-applications/applicationDetails.do?activeTab=documents&keyVal=_LEWIS_DCAPR_85105,"A2605 411-r1: Proposed elevations buildings a & g — Case Copy Drawings, published 2016-07-21",,publish
DC_16_097629-document-register-049,DC/16/097629,,https://planning.lewisham.gov.uk/online-applications/applicationDetails.do?activeTab=documents&keyVal=_LEWIS_DCAPR_85105,"A2605 412-r1: Proposed elevations a,b,c,d & townhouse — Case Copy Drawings, published 2016-07-21",,publish
DC_16_097629-document-register-050,DC/16/097629,,https://planning.lewisham.gov.uk/online-applications/applicationDetails.do?activeTab=documents&keyVal=_LEWIS_DCAPR_85105,"A2605 413-r1: Proposed elevations typical b/c — Case Copy Drawings, published 2016-07-21",,publish
DC_16_097629-document-register-051,DC/16/097629,,https://planning.lewisham.gov.uk/online-applications/applicationDetails.do?activeTab=documents&keyVal=_LEWIS_DCAPR_85105,"A2605 500-r1: Ladder section/bay studies building a — Case Copy Drawings, published 2016-07-21",,publish
DC_16_097629-document-register-052,DC/16/097629,,https://planning.lewisham.gov.uk/online-applications/applicationDetails.do?activeTab=documents&keyVal=_LEWIS_DCAPR_85105,"A2605 520-r1: Ladder section/bay studies building b — Case Copy Drawings, published 2016-07-21",,publish
DC_16_097629-document-register-053,DC/16/097629,,https://planning.lewisham.gov.uk/online-applications/applicationDetails.do?activeTab=documents&keyVal=_LEWIS_DCAPR_85105,"A2605 530-r1: Ladder section/bay studies building d — Case Copy Drawings, published 2016-07-21",,publish
DC_16_097629-document-register-054,DC/16/097629,,https://planning.lewisham.gov.uk/online-applications/applicationDetails.do?activeTab=documents&keyVal=_LEWIS_DCAPR_85105,"A2605 540-r1: Ladder section/bay studies building f — Case Copy Drawings, published 2016-07-21",,publish
DC_16_097629-document-register-055,DC/16/097629,,https://planning.lewisham.gov.uk/online-applications/applicationDetails.do?activeTab=documents&keyVal=_LEWIS_DCAPR_85105,"A2605 550-r1: Ladder section/bay studies building g — Case Copy Drawings, published 2016-07-21",,publish
DC_16_097629-document-register-056,DC/16/097629,,https://planning.lewisham.gov.uk/online-applications/applicationDetails.do?activeTab=documents&keyVal=_LEWIS_DCAPR_85105,"A2605 570-r1: Ladder section/bay studies commercial — Case Copy Drawings, published 2016-07-21",,publish
DC_16_097629-document-register-057,DC/16/097629,,https://planning.lewisham.gov.uk/online-applications/applicationDetails.do?activeTab=documents&keyVal=_LEWIS_DCAPR_85105,"A2605 601a-r1: Unit type 1a compliance plan — Case Copy Drawings, published 2016-07-21",,publish
DC_16_097629-document-register-058,DC/16/097629,,https://planning.lewisham.gov.uk/online-applications/applicationDetails.do?activeTab=documents&keyVal=_LEWIS_DCAPR_85105,"A2605 601b-r1: Unit type 1b compliance plan — Case Copy Drawings, published 2016-07-21",,publish
DC_16_097629-document-register-059,DC/16/097629,,https://planning.lewisham.gov.uk/online-applications/applicationDetails.do?activeTab=documents&keyVal=_LEWIS_DCAPR_85105,"A2605 601c-r1: Unit type 1c compliance plan — Case Copy Drawings, published 2016-07-21",,publish
DC_16_097629-document-register-060,DC/16/097629,,https://planning.lewisham.gov.uk/online-applications/applicationDetails.do?activeTab=documents&keyVal=_LEWIS_DCAPR_85105,"A2605 601d-r1: Unit type 1d compliance plan — Case Copy Drawings, published 2016-07-21",,publish
DC_16_097629-document-register-061,DC/16/097629,,https://planning.lewisham.gov.uk/online-applications/applicationDetails.do?activeTab=documents&keyVal=_LEWIS_DCAPR_85105,"A2605 601e-r1: Unit type 1e compliance plan — Case Copy Drawings, published 2016-07-21",,publish
DC_16_097629-document-register-062,DC/16/097629,,https://planning.lewisham.gov.uk/online-applications/applicationDetails.do?activeTab=documents&keyVal=_LEWIS_DCAPR_85105,"A2605 601f-r1: Unit type 1f compliance plan — Case Copy Drawings, published 2016-07-21",,publish
DC_16_097629-document-register-063,DC/16/097629,,https://planning.lewisham.gov.uk/online-applications/applicationDetails.do?activeTab=documents&keyVal=_LEWIS_DCAPR_85105,"A2605 601g-r1: Unit type 1g compliance plan — Case Copy Drawings, published 2016-07-21",,publish
DC_16_097629-document-register-064,DC/16/097629,,https://planning.lewisham.gov.uk/online-applications/applicationDetails.do?activeTab=documents&keyVal=_LEWIS_DCAPR_85105,"A2605 601h-r1: Unit type 1h compliance plan — Case Copy Drawings, published 2016-07-21",,publish
DC_16_097629-document-register-065,DC/16/097629,,https://planning.lewisham.gov.uk/online-applications/applicationDetails.do?activeTab=documents&keyVal=_LEWIS_DCAPR_85105,"A2605 601i-r1: Unit type 1i compliance plan — Case Copy Drawings, published 2016-07-21",,publish
DC_16_097629-document-register-066,DC/16/097629,,https://planning.lewisham.gov.uk/online-applications/applicationDetails.do?activeTab=documents&keyVal=_LEWIS_DCAPR_85105,"A2605 601j-r1: Unit type 1j compliance plan — Case Copy Drawings, published 2016-07-21",,publish
DC_16_097629-document-register-067,DC/16/097629,,https://planning.lewisham.gov.uk/online-applications/applicationDetails.do?activeTab=documents&keyVal=_LEWIS_DCAPR_85105,"A2605 601k-r1: Unit type 1k compliance plan — Case Copy Drawings, published 2016-07-21",,publish
DC_16_097629-document-register-068,DC/16/097629,,https://planning.lewisham.gov.uk/online-applications/applicationDetails.do?activeTab=documents&keyVal=_LEWIS_DCAPR_85105,"A2605 601l-r1: Unit type 1l compliance plan — Case Copy Drawings, published 2016-07-21",,publish
DC_16_097629-document-register-069,DC/16/097629,,https://planning.lewisham.gov.uk/online-applications/applicationDetails.do?activeTab=documents&keyVal=_LEWIS_DCAPR_85105,"A2605 601m-r1: Unit type 1m compliance plan — Case Copy Drawings, published 2016-07-21",,publish
DC_16_097629-document-register-070,DC/16/097629,,https://planning.lewisham.gov.uk/online-applications/applicationDetails.do?activeTab=documents&keyVal=_LEWIS_DCAPR_85105,"A2605 601n-r1: Unit type 1n compliance plan — Case Copy Drawings, published 2016-07-21",,publish
DC_16_097629-document-register-071,DC/16/097629,,https://planning.lewisham.gov.uk/online-applications/applicationDetails.do?activeTab=documents&keyVal=_LEWIS_DCAPR_85105,"A2605 602a-r1: Unit type 2a compliance plan — Case Copy Drawings, published 2016-07-21",,publish
DC_16_097629-document-register-072,DC/16/097629,,https://planning.lewisham.gov.uk/online-applications/applicationDetails.do?activeTab=documents&keyVal=_LEWIS_DCAPR_85105,"A2605 602b-r1: Unit type 2b compliance plan — Case Copy Drawings, published 2016-07-21",,publish
DC_16_097629-document-register-073,DC/16/097629,,https://planning.lewisham.gov.uk/online-applications/applicationDetails.do?activeTab=documents&keyVal=_LEWIS_DCAPR_85105,"A2605 602c-r1: Unit type 2c compliance plan — Case Copy Drawings, published 2016-07-21",,publish
DC_16_097629-document-register-074,DC/16/097629,,https://planning.lewisham.gov.uk/online-applications/applicationDetails.do?activeTab=documents&keyVal=_LEWIS_DCAPR_85105,"A2605 602d-r1: Unit type 2d compliance plan — Case Copy Drawings, published 2016-07-21",,publish
DC_16_097629-document-register-075,DC/16/097629,,https://planning.lewisham.gov.uk/online-applications/applicationDetails.do?activeTab=documents&keyVal=_LEWIS_DCAPR_85105,"A2605 602e-r1: Unit type 2e compliance plan — Case Copy Drawings, published 2016-07-21",,publish
DC_16_097629-document-register-076,DC/16/097629,,https://planning.lewisham.gov.uk/online-applications/applicationDetails.do?activeTab=documents&keyVal=_LEWIS_DCAPR_85105,"A2605 602f-r1: Unit type 2f compliance plan — Case Copy Drawings, published 2016-07-21",,publish
DC_16_097629-document-register-077,DC/16/097629,,https://planning.lewisham.gov.uk/online-applications/applicationDetails.do?activeTab=documents&keyVal=_LEWIS_DCAPR_85105,"A2605 602g-r1: Unit type 2g compliance plan — Case Copy Drawings, published 2016-07-21",,publish
DC_16_097629-document-register-078,DC/16/097629,,https://planning.lewisham.gov.uk/online-applications/applicationDetails.do?activeTab=documents&keyVal=_LEWIS_DCAPR_85105,"A2605 602h-r1: Unit type 2h compliance plan — Case Copy Drawings, published 2016-07-21",,publish
DC_16_097629-document-register-079,DC/16/097629,,https://planning.lewisham.gov.uk/online-applications/applicationDetails.do?activeTab=documents&keyVal=_LEWIS_DCAPR_85105,"A2605 602i-r1: Unit type 2i compliance plan — Case Copy Drawings, published 2016-07-21",,publish
DC_16_097629-document-register-080,DC/16/097629,,https://planning.lewisham.gov.uk/online-applications/applicationDetails.do?activeTab=documents&keyVal=_LEWIS_DCAPR_85105,"A2605 602j-r1: Unit type 2j compliance plan — Case Copy Drawings, published 2016-07-21",,publish
DC_16_097629-document-register-081,DC/16/097629,,https://planning.lewisham.gov.uk/online-applications/applicationDetails.do?activeTab=documents&keyVal=_LEWIS_DCAPR_85105,"A2605 602k-r1: Unit type 2k compliance plan — Case Copy Drawings, published 2016-07-21",,publish
DC_16_097629-document-register-082,DC/16/097629,,https://planning.lewisham.gov.uk/online-applications/applicationDetails.do?activeTab=documents&keyVal=_LEWIS_DCAPR_85105,"A2605 602l-r1: Unit type 2l compliance plan — Case Copy Drawings, published 2016-07-21",,publish
DC_16_097629-document-register-083,DC/16/097629,,https://planning.lewisham.gov.uk/online-applications/applicationDetails.do?activeTab=documents&keyVal=_LEWIS_DCAPR_85105,"A2605 602m-r1: Unit type 2m compliance plan — Case Copy Drawings, published 2016-07-21",,publish
DC_16_097629-document-register-084,DC/16/097629,,https://planning.lewisham.gov.uk/online-applications/applicationDetails.do?activeTab=documents&keyVal=_LEWIS_DCAPR_85105,"A2605 602n-r1: Unit type 2n compliance plan — Case Copy Drawings, published 2016-07-21",,publish
DC_16_097629-document-register-085,DC/16/097629,,https://planning.lewisham.gov.uk/online-applications/applicationDetails.do?activeTab=documents&keyVal=_LEWIS_DCAPR_85105,"A2605 602p-r1: Unit type 2p compliance plan — Case Copy Drawings, published 2016-07-21",,publish
DC_16_097629-document-register-086,DC/16/097629,,https://planning.lewisham.gov.uk/online-applications/applicationDetails.do?activeTab=documents&keyVal=_LEWIS_DCAPR_85105,"A2605 602q-r1: Unit type 2q compliance plan — Case Copy Drawings, published 2016-07-21",,publish
DC_16_097629-document-register-087,DC/16/097629,,https://planning.lewisham.gov.uk/online-applications/applicationDetails.do?activeTab=documents&keyVal=_LEWIS_DCAPR_85105,"A2605 602r-r1: Unit type 2r compliance plan — Case Copy Drawings, published 2016-07-21",,publish
DC_16_097629-document-register-088,DC/16/097629,,https://planning.lewisham.gov.uk/online-applications/applicationDetails.do?activeTab=documents&keyVal=_LEWIS_DCAPR_85105,"A2605 602s-r1: Unit type 2s compliance plan — Case Copy Drawings, published 2016-07-21",,publish
DC_16_097629-document-register-089,DC/16/097629,,https://planning.lewisham.gov.uk/online-applications/applicationDetails.do?activeTab=documents&keyVal=_LEWIS_DCAPR_85105,"A2605 602t-r1: Unit type 2t compliance plan — Case Copy Drawings, published 2016-07-21",,publish
DC_16_097629-document-register-090,DC/16/097629,,https://planning.lewisham.gov.uk/online-applications/applicationDetails.do?activeTab=documents&keyVal=_LEWIS_DCAPR_85105,"A2605 602v-r1: Unit type 2v compliance plan — Case Copy Drawings, published 2016-07-21",,publish
DC_16_097629-document-register-091,DC/16/097629,,https://planning.lewisham.gov.uk/online-applications/applicationDetails.do?activeTab=documents&keyVal=_LEWIS_DCAPR_85105,"A2605 602w-r1: Unit type 2w compliance plan — Case Copy Drawings, published 2016-07-21",,publish
DC_16_097629-document-register-092,DC/16/097629,,https://planning.lewisham.gov.uk/online-applications/applicationDetails.do?activeTab=documents&keyVal=_LEWIS_DCAPR_85105,"A2605 603a-r1: Unit type 3a compliance plan — Case Copy Drawings, published 2016-07-21",,publish
DC_16_097629-document-register-093,DC/16/097629,,https://planning.lewisham.gov.uk/online-applications/applicationDetails.do?activeTab=documents&keyVal=_LEWIS_DCAPR_85105,"A2605 603b-r1: Unit type 3b compliance plan — Case Copy Drawings, published 2016-07-21",,publish
DC_16_097629-document-register-094,DC/16/097629,,https://planning.lewisham.gov.uk/online-applications/applicationDetails.do?activeTab=documents&keyVal=_LEWIS_DCAPR_85105,"A2605 603c-r1: Unit type 3c compliance plan — Case Copy Drawings, published 2016-07-21",,publish
DC_16_097629-document-register-095,DC/16/097629,,https://planning.lewisham.gov.uk/online-applications/applicationDetails.do?activeTab=documents&keyVal=_LEWIS_DCAPR_85105,"A2605 603d-r1: Unit type 3d compliance plan — Case Copy Drawings, published 2016-07-21",,publish
DC_16_097629-document-register-096,DC/16/097629,,https://planning.lewisham.gov.uk/online-applications/applicationDetails.do?activeTab=documents&keyVal=_LEWIS_DCAPR_85105,"A2605 603e-r1: Unit type 3e compliance plan — Case Copy Drawings, published 2016-07-21",,publish
DC_16_097629-document-register-097,DC/16/097629,,https://planning.lewisham.gov.uk/online-applications/applicationDetails.do?activeTab=documents&keyVal=_LEWIS_DCAPR_85105,"A2605 603f-r1: Unit type 3f compliance plan — Case Copy Drawings, published 2016-07-21",,publish
DC_16_097629-document-register-098,DC/16/097629,,https://planning.lewisham.gov.uk/online-applications/applicationDetails.do?activeTab=documents&keyVal=_LEWIS_DCAPR_85105,"A2605 603g-r1: Unit type 3g compliance plan — Case Copy Drawings, published 2016-07-21",,publish
DC_16_097629-document-register-099,DC/16/097629,,https://planning.lewisham.gov.uk/online-applications/applicationDetails.do?activeTab=documents&keyVal=_LEWIS_DCAPR_85105,"A2605 603h-r1: Unit type 3h compliance plan — Case Copy Drawings, published 2016-07-21",,publish
DC_16_097629-document-register-100,DC/16/097629,,https://planning.lewisham.gov.uk/online-applications/applicationDetails.do?activeTab=documents&keyVal=_LEWIS_DCAPR_85105,"A2605 603i-r1: Unit type 3i compliance plan — Case Copy Drawings, published 2016-07-21",,publish
DC_16_097629-document-register-101,DC/16/097629,,https://planning.lewisham.gov.uk/online-applications/applicationDetails.do?activeTab=documents&keyVal=_LEWIS_DCAPR_85105,"A2605 603j-r1: Unit type 3j compliance plan — Case Copy Drawings, published 2016-07-21",,publish
DC_16_097629-document-register-102,DC/16/097629,,https://planning.lewisham.gov.uk/online-applications/applicationDetails.do?activeTab=documents&keyVal=_LEWIS_DCAPR_85105,"A2605 603k-r1: Unit type 3k compliance plan — Case Copy Drawings, published 2016-07-21",,publish
DC_16_097629-document-register-103,DC/16/097629,,https://planning.lewisham.gov.uk/online-applications/applicationDetails.do?activeTab=documents&keyVal=_LEWIS_DCAPR_85105,"A2605 603l-r1: Unit type 3l compliance plan — Case Copy Drawings, published 2016-07-21",,publish
DC_16_097629-document-register-104,DC/16/097629,,https://planning.lewisham.gov.uk/online-applications/applicationDetails.do?activeTab=documents&keyVal=_LEWIS_DCAPR_85105,"A2605 603m-r1: Unit type 3m compliance plan — Case Copy Drawings, published 2016-07-21",,publish
DC_16_097629-document-register-105,DC/16/097629,,https://planning.lewisham.gov.uk/online-applications/applicationDetails.do?activeTab=documents&keyVal=_LEWIS_DCAPR_85105,"A2605 603n-r1: Unit type 3n duplex compliance plan — Case Copy Drawings, published 2016-07-21",,publish
DC_16_097629-document-register-106,DC/16/097629,,https://planning.lewisham.gov.uk/online-applications/applicationDetails.do?activeTab=documents&keyVal=_LEWIS_DCAPR_85105,"A2605 604t-r1: Unit type 4t townhouse compliance plan — Case Copy Drawings, published 2016-07-21",,publish
DC_16_097629-document-register-107,DC/16/097629,,https://planning.lewisham.gov.uk/online-applications/applicationDetails.do?activeTab=documents&keyVal=_LEWIS_DCAPR_85105,"A2605 651a-r1: Unit type wc1a compliance plan — Case Copy Drawings, published 2016-07-21",,publish
DC_16_097629-document-register-108,DC/16/097629,,https://planning.lewisham.gov.uk/online-applications/applicationDetails.do?activeTab=documents&keyVal=_LEWIS_DCAPR_85105,"A2605 651c-r1: Unit type wc1c compliance plan — Case Copy Drawings, published 2016-07-21",,publish
DC_16_097629-document-register-109,DC/16/097629,,https://planning.lewisham.gov.uk/online-applications/applicationDetails.do?activeTab=documents&keyVal=_LEWIS_DCAPR_85105,"A2605 652a-r1: Unit type wc2a compliance plan — Case Copy Drawings, published 2016-07-21",,publish
DC_16_097629-document-register-110,DC/16/097629,,https://planning.lewisham.gov.uk/online-applications/applicationDetails.do?activeTab=documents&keyVal=_LEWIS_DCAPR_85105,"A2605 652b-r1: Unit type wc2b compliance plan — Case Copy Drawings, published 2016-07-21",,publish
DC_16_097629-document-register-111,DC/16/097629,,https://planning.lewisham.gov.uk/online-applications/applicationDetails.do?activeTab=documents&keyVal=_LEWIS_DCAPR_85105,"A2605 653a-r1: Unit type wc3a compliance plan — Case Copy Drawings, published 2016-07-21",,publish
DC_16_097629-document-register-112,DC/16/097629,,https://planning.lewisham.gov.uk/online-applications/applicationDetails.do?activeTab=documents&keyVal=_LEWIS_DCAPR_85105,"A2605 653b-r1: Unit type wc3b compliance plan — Case Copy Drawings, published 2016-07-21",,publish
DC_16_097629-document-register-113,DC/16/097629,,https://planning.lewisham.gov.uk/online-applications/applicationDetails.do?activeTab=documents&keyVal=_LEWIS_DCAPR_85105,"A2605 653c-r1: Unit type wc3c compliance plan — Case Copy Drawings, published 2016-07-21",,publish
DC_16_097629-document-register-114,DC/16/097629,,https://planning.lewisham.gov.uk/online-applications/applicationDetails.do?activeTab=documents&keyVal=_LEWIS_DCAPR_85105,"A2605 653d-r1: Unit type wc3d compliance plan — Case Copy Drawings, published 2016-07-21",,publish
DC_16_097629-document-register-115,DC/16/097629,,https://planning.lewisham.gov.uk/online-applications/applicationDetails.do?activeTab=documents&keyVal=_LEWIS_DCAPR_85105,"A2605 653e-r1: Unit type wc3e compliance plan — Case Copy Drawings, published 2016-07-21",,publish
DC_16_097629-document-register-116,DC/16/097629,,https://planning.lewisham.gov.uk/online-applications/applicationDetails.do?activeTab=documents&keyVal=_LEWIS_DCAPR_85105,"Environmental statement non-technical summary — Case Copy Documents, published 2016-07-21",,publish
DC_16_097629-document-register-117,DC/16/097629,,https://planning.lewisham.gov.uk/online-applications/applicationDetails.do?activeTab=documents&keyVal=_LEWIS_DCAPR_85105,"S106 part 1 — drawing/reference: S106 part 1 — Section 106 Agreements, published 2019-05-02",,publish
DC_16_097629-document-register-118,DC/16/097629,,https://planning.lewisham.gov.uk/online-applications/applicationDetails.do?activeTab=documents&keyVal=_LEWIS_DCAPR_85105,"S106 part 2 — drawing/reference: S106 part 2 — Section 106 Agreements, published 2019-05-02",,publish
DC_16_097629-document-register-119,DC/16/097629,,https://planning.lewisham.gov.uk/online-applications/applicationDetails.do?activeTab=documents&keyVal=_LEWIS_DCAPR_85105,"S106 plans — drawing/reference: S106 plans — Section 106 Agreements, published 2019-05-02",,publish
DC_16_097629-document-register-120,DC/16/097629,,https://planning.lewisham.gov.uk/online-applications/applicationDetails.do?activeTab=documents&keyVal=_LEWIS_DCAPR_85105,"Decision notice — Decision, published 2019-03-28",,publish
DC_16_097629-document-register-121,DC/16/097629,,https://planning.lewisham.gov.uk/online-applications/applicationDetails.do?activeTab=documents&keyVal=_LEWIS_DCAPR_85105,"Proposed ground floor plans — drawing/reference: A2605 210-r3 — Case Copy Drawings, published 2017-06-26",,publish
DC_16_097629-document-register-122,DC/16/097629,,https://planning.lewisham.gov.uk/online-applications/applicationDetails.do?activeTab=documents&keyVal=_LEWIS_DCAPR_85105,"Proposed first floor plans — drawing/reference: A2605 211-r3 — Case Copy Drawings, published 2017-06-26",,publish
DC_16_097629-document-register-123,DC/16/097629,,https://planning.lewisham.gov.uk/online-applications/applicationDetails.do?activeTab=documents&keyVal=_LEWIS_DCAPR_85105,"Proposed second floor plans — drawing/reference: A2605 212-r3 — Case Copy Drawings, published 2017-06-26",,publish
DC_16_097629-document-register-124,DC/16/097629,,https://planning.lewisham.gov.uk/online-applications/applicationDetails.do?activeTab=documents&keyVal=_LEWIS_DCAPR_85105,"Proposed third floor plans — drawing/reference: A2605 213-r2 — Case Copy Drawings, published 2017-06-26",,publish
DC_16_097629-document-register-125,DC/16/097629,,https://planning.lewisham.gov.uk/online-applications/applicationDetails.do?activeTab=documents&keyVal=_LEWIS_DCAPR_85105,"Proposed sectional elevations: section cc — drawing/reference: A2605 302-r2 — Case Copy Drawings, published 2017-06-26",,publish
DC_16_097629-document-register-126,DC/16/097629,,https://planning.lewisham.gov.uk/online-applications/applicationDetails.do?activeTab=documents&keyVal=_LEWIS_DCAPR_85105,"Proposed elevations: Thurston Road — drawing/reference: A2605 402-r2 — Case Copy Drawings, published 2017-06-26",,publish
DC_16_097629-document-register-127,DC/16/097629,,https://planning.lewisham.gov.uk/online-applications/applicationDetails.do?activeTab=documents&keyVal=_LEWIS_DCAPR_85105,"Proposed elevations: buildings d, e & f — drawing/reference: A2605 410-r2 — Case Copy Drawings, published 2017-06-26",,publish
DC_16_097629-document-register-128,DC/16/097629,,https://planning.lewisham.gov.uk/online-applications/applicationDetails.do?activeTab=documents&keyVal=_LEWIS_DCAPR_85105,"Proposed elevations: typical b/c — drawing/reference: A2605 413-r2 — Case Copy Drawings, published 2017-06-26",,publish
DC_16_097629-document-register-129,DC/16/097629,,https://planning.lewisham.gov.uk/online-applications/applicationDetails.do?activeTab=documents&keyVal=_LEWIS_DCAPR_85105,"Ladder section/bay studies: building b — drawing/reference: A2605 520-r2 — Case Copy Drawings, published 2017-06-26",,publish
DC_16_097629-document-register-130,DC/16/097629,,https://planning.lewisham.gov.uk/online-applications/applicationDetails.do?activeTab=documents&keyVal=_LEWIS_DCAPR_85105,"Unit type 3n- duplex compliance plan — drawing/reference: A2605 603n-r2 — Case Copy Drawings, published 2017-06-26",,publish
DC_16_097629-document-register-131,DC/16/097629,,https://planning.lewisham.gov.uk/online-applications/applicationDetails.do?activeTab=documents&keyVal=_LEWIS_DCAPR_85105,"Unit type 4t- townhouse compliance plan — drawing/reference: A2605 604t-r2 — Case Copy Drawings, published 2017-06-26",,publish
DC_16_097629-document-register-132,DC/16/097629,,https://planning.lewisham.gov.uk/online-applications/applicationDetails.do?activeTab=documents&keyVal=_LEWIS_DCAPR_85105,"Area schedule r16 — drawing/reference: A2605 lrp 2-1-4 r16 — Case Copy Drawings, published 2017-06-26",,publish
DC_16_097629-document-register-133,DC/16/097629,,https://planning.lewisham.gov.uk/online-applications/applicationDetails.do?activeTab=documents&keyVal=_LEWIS_DCAPR_85105,"3d rendering — drawing/reference: A2605-aa160713-009 — Case Copy Drawings, published 2017-06-26",,publish
DC_16_097629-document-register-134,DC/16/097629,,https://planning.lewisham.gov.uk/online-applications/applicationDetails.do?activeTab=documents&keyVal=_LEWIS_DCAPR_85105,"3d rendering — drawing/reference: A2605-aa170307-003 — Case Copy Drawings, published 2017-06-26",,publish
DC_16_097629-document-register-135,DC/16/097629,,https://planning.lewisham.gov.uk/online-applications/applicationDetails.do?activeTab=documents&keyVal=_LEWIS_DCAPR_85105,"3d rendering — drawing/reference: A2605-aa170307-011 — Case Copy Drawings, published 2017-06-26",,publish
DC_16_097629-document-register-136,DC/16/097629,,https://planning.lewisham.gov.uk/online-applications/applicationDetails.do?activeTab=documents&keyVal=_LEWIS_DCAPR_85105,"3d rendering — drawing/reference: A2605-aa170313-006 — Case Copy Drawings, published 2017-06-26",,publish
DC_16_097629-document-register-137,DC/16/097629,,https://planning.lewisham.gov.uk/online-applications/applicationDetails.do?activeTab=documents&keyVal=_LEWIS_DCAPR_85105,"3d rendering — drawing/reference: A2605-aa170313-010 — Case Copy Drawings, published 2017-06-26",,publish
DC_16_097629-document-register-138,DC/16/097629,,https://planning.lewisham.gov.uk/online-applications/applicationDetails.do?activeTab=documents&keyVal=_LEWIS_DCAPR_85105,"Schedule of deliverables — drawing/reference: Lrp-sk160222 — Case Copy Documents, published 2017-06-26",,publish
DC_16_097629-document-register-139,DC/16/097629,,https://planning.lewisham.gov.uk/online-applications/applicationDetails.do?activeTab=documents&keyVal=_LEWIS_DCAPR_85105,"Design & access statement addendum — Revised Document, published 2017-03-27",,publish
DC_16_097629-document-register-140,DC/16/097629,,https://planning.lewisham.gov.uk/online-applications/applicationDetails.do?activeTab=documents&keyVal=_LEWIS_DCAPR_85105,"Flood risk assessment — Revised Document, published 2017-03-27",,publish
DC_16_097629-document-supporting-001,DC/16/097629,,,"Foul and Surface Water Drainage Strategy, reference 034682, dated 15 July 2016",,not-assessed
DC_16_097629-document-supporting-002,DC/16/097629,,,Cover letter including Appendix 1 plans list,,not-assessed
DC_16_098622-document-appeal-decision,DC/16/098622,,https://planning.lewisham.gov.uk/online-applications/applicationDetails.do?activeTab=documents&keyVal=_LEWIS_DCAPR_86248,Appeal Decision,,publish
DC_16_098622-document-application-form,DC/16/098622,,https://planning.lewisham.gov.uk/online-applications/applicationDetails.do?activeTab=documents&keyVal=_LEWIS_DCAPR_86248,Application form,,publish
DC_16_098622-document-block-plan,DC/16/098622,,https://planning.lewisham.gov.uk/online-applications/applicationDetails.do?activeTab=documents&keyVal=_LEWIS_DCAPR_86248,Block plan,,publish
DC_16_098622-document-decision-notice,DC/16/098622,,https://planning.lewisham.gov.uk/online-applications/applicationDetails.do?activeTab=documents&keyVal=_LEWIS_DCAPR_86248,Decision notice,,publish
DC_16_098622-document-design-and-access-and-sustainability-statement,DC/16/098622,,https://planning.lewisham.gov.uk/online-applications/applicationDetails.do?activeTab=documents&keyVal=_LEWIS_DCAPR_86248,Design & access and sustainability statement,,publish
DC_16_098622-document-existing-and-proposed-site-plan,DC/16/098622,,https://planning.lewisham.gov.uk/online-applications/applicationDetails.do?activeTab=documents&keyVal=_LEWIS_DCAPR_86248,Existing and proposed site plan,,publish
DC_16_098622-document-location-plan,DC/16/098622,,https://planning.lewisham.gov.uk/online-applications/applicationDetails.do?activeTab=documents&keyVal=_LEWIS_DCAPR_86248,Location plan,,publish
DC_16_098622-document-proposed-elevations-and-section,DC/16/098622,,https://planning.lewisham.gov.uk/online-applications/applicationDetails.do?activeTab=documents&keyVal=_LEWIS_DCAPR_86248,Proposed elevations and section,,publish
DC_16_098622-document-proposed-floor-and-roof-plans,DC/16/098622,,https://planning.lewisham.gov.uk/online-applications/applicationDetails.do?activeTab=documents&keyVal=_LEWIS_DCAPR_86248,Proposed floor and roof plans,,publish
DC_16_098622-document-proposed-floor-plans-lifetime-homes,DC/16/098622,,https://planning.lewisham.gov.uk/online-applications/applicationDetails.do?activeTab=documents&keyVal=_LEWIS_DCAPR_86248,Proposed floor plans - lifetime homes,,publish
Design Code,2011/0734,,https://developmentandhousing.hackney.gov.uk/planning/index.html?fa=getApplication&id=21998,SD2_PT2_0.0_1.0 INTRODUCTION (THE DESIGN CODE),,
doc-001,2011/0734,,https://developmentandhousing.hackney.gov.uk/planning/index.html?fa=getApplication&id=21998,SD4_PD&A5_4.3 MASTERPLAN_SCALE,,
doc-002,2011/0734,,https://developmentandhousing.hackney.gov.uk/planning/index.html?fa=getApplication&id=21998,DAYLIGHT AND SUNLIGHT REPORT,,
doc-003,2011/0734,,https://developmentandhousing.hackney.gov.uk/planning/index.html?fa=getApplication&id=21998,EXISTING TREES PROTECTION PLAN 185_A_P_100_003,,
doc-004,2011/0734,,https://developmentandhousing.hackney.gov.uk/planning/index.html?fa=getApplication&id=21998,NOISE ASSESSMENT,,
doc-005,2011/0734,,https://developmentandhousing.hackney.gov.uk/planning/index.html?fa=getApplication&id=21998,TRANSPORT ASSESSMENT,,
doc-007,2011/0734,,https://developmentandhousing.hackney.gov.uk/planning/index.html?fa=getApplication&id=21998,DECISION NOTICE,,
doc-008,2011/0734,,https://developmentandhousing.hackney.gov.uk/planning/index.html?fa=getApplication&id=21998,SECTION 106 AGREEMENT,,
doc-009,2011/0734,,https://developmentandhousing.hackney.gov.uk/planning/index.html?fa=getApplication&id=21998,APPLICATION FORM,,
doc-010,2011/0734,,https://developmentandhousing.hackney.gov.uk/planning/index.html?fa=getApplication&id=21998,EXISTING BUILDINGS AND SITE LEVELS 185_A_P_100_002,,
doc-011,2011/0734,,https://developmentandhousing.hackney.gov.uk/planning/index.html?fa=getApplication&id=21998,ILLUSTRATIVE MASTERPLAN LAYOUT - GROUND FLOOR LEVEL 185_A_P_100_SK001,,
doc-012,2011/0734,,https://developmentandhousing.hackney.gov.uk/planning/index.html?fa=getApplication&id=21998,MASTERPLAN PRINCIPLES,,
doc-013,2011/0734,,https://developmentandhousing.hackney.gov.uk/planning/index.html?fa=getApplication&id=21998,PARAMETER ELEVATION - DEVELOPMENT MIN./MAX HEIGHTS AA AND BB 185_A_P_300_001,,
doc-014,2011/0734,,https://developmentandhousing.hackney.gov.uk/planning/index.html?fa=getApplication&id=21998,PARAMETER ELEVATION - DEVELOPMENT MIN./MAX HEIGHTS CC & DD 185_A_P_300_002,,
doc-015,2011/0734,,https://developmentandhousing.hackney.gov.uk/planning/index.html?fa=getApplication&id=21998,PARAMETER ELEVATION - DEVELOPMENT MIN./MAX HEIGHTS EE & FF & GG & HH & II 185_A_P_300_003,,
doc-016,2011/0734,,https://developmentandhousing.hackney.gov.uk/planning/index.html?fa=getApplication&id=21998,PARAMETER ELEVATION - DEVELOPMENT MIN./MAX HEIGHTS JJ & KK & LL & MM & NN 185_A,,
doc-017,2011/0734,,https://developmentandhousing.hackney.gov.uk/planning/index.html?fa=getApplication&id=21998,PARAMETER PLAN AND CIRCULATION 185_A_P_100_009,,
doc-018,2011/0734,,https://developmentandhousing.hackney.gov.uk/planning/index.html?fa=getApplication&id=21998,PARAMETER PLAN COURTYARD AMENITY SPACE 185_A_P_100_008,,
doc-019,2011/0734,,https://developmentandhousing.hackney.gov.uk/planning/index.html?fa=getApplication&id=21998,PARAMETER PLAN DEVELOPMENT EDGES PREDOMINANT LAND USE @ GROUND FLOOR 185_A_P_100,,
doc-020,2011/0734,,https://developmentandhousing.hackney.gov.uk/planning/index.html?fa=getApplication&id=21998,PARAMETER PLAN DEVELOPMENT EDGES PREDOMINANT LAND USE @ TYPICAL UPPER 185_A_P_10,,
doc-021,2011/0734,,https://developmentandhousing.hackney.gov.uk/planning/index.html?fa=getApplication&id=21998,PARAMETER PLAN DEVELOPMENT ZONE CAR PARK LEVEL 185_A_P_100_005,,
doc-022,2011/0734,,https://developmentandhousing.hackney.gov.uk/planning/index.html?fa=getApplication&id=21998,PARAMETER PLAN & DEVELOPMENT ZONES & BUILDING DIMENSIONS 185_A_P_100_004,,
doc-023,2011/0734,,https://developmentandhousing.hackney.gov.uk/planning/index.html?fa=getApplication&id=21998,PARAMETER PLAN PUBLIC REALM AREAS 185_A_P_100_010,,
doc-024,2011/0734,,https://developmentandhousing.hackney.gov.uk/planning/index.html?fa=getApplication&id=21998,PEDESTRIAN PRIORITY SPACE,,
doc-025,2011/0734,,https://developmentandhousing.hackney.gov.uk/planning/index.html?fa=getApplication&id=21998,SD3_REGULATORY DRAWINGS - PT1,,
doc-026,2011/0734,,https://developmentandhousing.hackney.gov.uk/planning/index.html?fa=getApplication&id=21998,SD3_REGULATORY DRAWINGS - PT2,,
doc-027,2011/0734,,https://developmentandhousing.hackney.gov.uk/planning/index.html?fa=getApplication&id=21998,SD3_REGULATORY DRAWINGS - PT3,,
doc-028,2011/0734,,https://developmentandhousing.hackney.gov.uk/planning/index.html?fa=getApplication&id=21998,CANAL OUTLOOK_B,,
doc-029,2011/0734,,https://developmentandhousing.hackney.gov.uk/planning/index.html?fa=getApplication&id=21998,COURTYARDS,,
doc-030,2011/0734,,https://developmentandhousing.hackney.gov.uk/planning/index.html?fa=getApplication&id=21998,GREEN,,
doc-031,2011/0734,,https://developmentandhousing.hackney.gov.uk/planning/index.html?fa=getApplication&id=21998,NEIGHBOURHOOD STREET,,
doc-032,2011/0734,,https://developmentandhousing.hackney.gov.uk/planning/index.html?fa=getApplication&id=21998,SCOPE AND CONTENT OF OUTLINE PLANNING APPLICATION,,
doc-033,2011/0734,,https://developmentandhousing.hackney.gov.uk/planning/index.html?fa=getApplication&id=21998,SD13 AFFORDABLE HOUSING STATEMENT,,
doc-034,2011/0734,,https://developmentandhousing.hackney.gov.uk/planning/index.html?fa=getApplication&id=21998,SD14 - APPENDIX 01,,
doc-035,2011/0734,,https://developmentandhousing.hackney.gov.uk/planning/index.html?fa=getApplication&id=21998,SD14 - APPENDIX 02,,
doc-036,2011/0734,,https://developmentandhousing.hackney.gov.uk/planning/index.html?fa=getApplication&id=21998,SD14_ARBORICULTURAL DEVELOPMENT STATEMENT,,
doc-037,2011/0734,,https://developmentandhousing.hackney.gov.uk/planning/index.html?fa=getApplication&id=21998,SD17_SUSTAINABILITY STATEMENT - ISSUE 04,,
doc-038,2011/0734,,https://developmentandhousing.hackney.gov.uk/planning/index.html?fa=getApplication&id=21998,SD2_PT1_0.0 COVER AND CONTENTS,,
doc-039,2011/0734,,https://developmentandhousing.hackney.gov.uk/planning/index.html?fa=getApplication&id=21998,SD2_PT1_1.0 INTRODUCTION,,
doc-040,2011/0734,,https://developmentandhousing.hackney.gov.uk/planning/index.html?fa=getApplication&id=21998,SD2_PT1_3.0 THE PREFERRED FRAMEWORK OF DEVELOPMENT,,
doc-041,2011/0734,,https://developmentandhousing.hackney.gov.uk/planning/index.html?fa=getApplication&id=21998,SD2_PT1_4.0 DEVELOPMENT CONTENT - PT1,,
doc-042,2011/0734,,https://developmentandhousing.hackney.gov.uk/planning/index.html?fa=getApplication&id=21998,SD2_PT1_4.0 DEVELOPMENT CONTENT - PT2,,
doc-043,2011/0734,,https://developmentandhousing.hackney.gov.uk/planning/index.html?fa=getApplication&id=21998,SD2_PT1_5.0 REGULATORY PLANS - PT1,,
doc-044,2011/0734,,https://developmentandhousing.hackney.gov.uk/planning/index.html?fa=getApplication&id=21998,SD2_PT1_5.0 REGULATORY PLANS - PT2,,
doc-045,2011/0734,,https://developmentandhousing.hackney.gov.uk/planning/index.html?fa=getApplication&id=21998,SD2_PT1_5.0 REGULATORY PLANS - PT3,,
doc-046,2011/0734,,https://developmentandhousing.hackney.gov.uk/planning/index.html?fa=getApplication&id=21998,SD2_PT1_5.0 REGULATORY PLANS - PT4,,
doc-047,2011/0734,,https://developmentandhousing.hackney.gov.uk/planning/index.html?fa=getApplication&id=21998,SD2_PT1_6.0 ENERGY AND SUSTAINABILITY REQUIREMENTS,,
doc-048,2011/0734,,https://developmentandhousing.hackney.gov.uk/planning/index.html?fa=getApplication&id=21998,SD2_PT1_7.0 IMPLEMENTATION PARAMETERS - PT1,,
doc-049,2011/0734,,https://developmentandhousing.hackney.gov.uk/planning/index.html?fa=getApplication&id=21998,SD2_PT1_7.0 IMPLEMENTATION PARAMETERS - PT2,,
doc-050,2011/0734,,https://developmentandhousing.hackney.gov.uk/planning/index.html?fa=getApplication&id=21998,SD4_PD&A5_0.0 COVER AND CONTENTS (PLANNING & DESIGN & ACCESS STATEMENT),,
doc-051,2011/0734,,https://developmentandhousing.hackney.gov.uk/planning/index.html?fa=getApplication&id=21998,SD4_PD&A5_1.0 INTRODUCTION,,
doc-052,2011/0734,,https://developmentandhousing.hackney.gov.uk/planning/index.html?fa=getApplication&id=21998,SD4_PD&A5_2.0 SITE ASSESSMENT,,
doc-053,2011/0734,,https://developmentandhousing.hackney.gov.uk/planning/index.html?fa=getApplication&id=21998,SD4_PD&A5_3.0 MASTERPLAN DEVELOPMENT - PT1,,
doc-054,2011/0734,,https://developmentandhousing.hackney.gov.uk/planning/index.html?fa=getApplication&id=21998,SD4_PD&A5_3.0 MASTERPLAN DEVELOPMENT - PT2,,
doc-055,2011/0734,,https://developmentandhousing.hackney.gov.uk/planning/index.html?fa=getApplication&id=21998,SD4_PD&A5_4.0-4.1 ILLUSTRATIVE MASTERPLAN,,
doc-056,2011/0734,,https://developmentandhousing.hackney.gov.uk/planning/index.html?fa=getApplication&id=21998,SD4_PD&A5_4.2 MASTERPLAN_LAYOUT,,
doc-057,2011/0734,,https://developmentandhousing.hackney.gov.uk/planning/index.html?fa=getApplication&id=21998,SD4_PD&A5_4.4 LAND USE AND AMOUNT OF DEVELOPMENT,,
doc-058,2011/0734,,https://developmentandhousing.hackney.gov.uk/planning/index.html?fa=getApplication&id=21998,SD4_PD&A5_4.5 MASTERPLAN_ACCESS,,
doc-059,2011/0734,,https://developmentandhousing.hackney.gov.uk/planning/index.html?fa=getApplication&id=21998,SD4_PD&A5_4.6 MASTERPLAN ENERGY & SUSTAINABILITY,,
doc-060,2011/0734,,https://developmentandhousing.hackney.gov.uk/planning/index.html?fa=getApplication&id=21998,SD4_PD&A5_5.0 PUBLIC REALM OVERVIEW,,
doc-061,2011/0734,,https://developmentandhousing.hackney.gov.uk/planning/index.html?fa=getApplication&id=21998,SD4_PD&A5_5.2 PUBLIC REALM_CHARACTER AND MATERIALITY,,
doc-062,2011/0734,,https://developmentandhousing.hackney.gov.uk/planning/index.html?fa=getApplication&id=21998,SD4_PD&A5_5.3 PUBLIC REALM_GREENSPACE AND LANDSCAPE,,
doc-063,2011/0734,,https://developmentandhousing.hackney.gov.uk/planning/index.html?fa=getApplication&id=21998,SD4_PD&A5_6.0 SUMMARY,,
doc-064,2011/0734,,https://developmentandhousing.hackney.gov.uk/planning/index.html?fa=getApplication&id=21998,SD4_PD&A5_7.0 PLANNING STATEMENT,,
doc-065,2011/0734,,https://developmentandhousing.hackney.gov.uk/planning/index.html?fa=getApplication&id=21998,SD4_PD&A5_8.0 APPENDIX (COMMUNITY SAFETY AND SECURITY REQUIREMENTS),,
doc-066,2011/0734,,https://developmentandhousing.hackney.gov.uk/planning/index.html?fa=getApplication&id=21998,SD5_COLVILLE ESTATE TRANSPORT ASSESSMENT - PT1,,
doc-067,2011/0734,,https://developmentandhousing.hackney.gov.uk/planning/index.html?fa=getApplication&id=21998,SD5_COLVILLE ESTATE TRANSPORT ASSESSMENT - PT2,,
doc-068,2011/0734,,https://developmentandhousing.hackney.gov.uk/planning/index.html?fa=getApplication&id=21998,SD5_COLVILLE ESTATE TRANSPORT ASSESSMENT - PT3,,
doc-069,2011/0734,,https://developmentandhousing.hackney.gov.uk/planning/index.html?fa=getApplication&id=21998,SD5_COLVILLE ESTATE TRANSPORT ASSESSMENT - PT4,,
doc-070,2011/0734,,https://developmentandhousing.hackney.gov.uk/planning/index.html?fa=getApplication&id=21998,SD7_AIR QUALITY ASSESSMENT,,
doc-071,2011/0734,,https://developmentandhousing.hackney.gov.uk/planning/index.html?fa=getApplication&id=21998,URBAN FOCUS 185-A-P-REP-030-SD2-DC2,,
doc-072,2011/0734,,https://developmentandhousing.hackney.gov.uk/planning/index.html?fa=getApplication&id=21998,WIND ASSESSMENT,,
doc-073,2011/0734,,https://developmentandhousing.hackney.gov.uk/planning/index.html?fa=getApplication&id=21998,SITE LOCATION PLAN,,
doc-074,2011/0734,,https://developmentandhousing.hackney.gov.uk/planning/index.html?fa=getApplication&id=21998,ADDITIONAL INFORMATION (SUBMITTED BY APPLICANT),,
doc-075,2011/0734,,https://developmentandhousing.hackney.gov.uk/planning/index.html?fa=getApplication&id=21998,ADDITIONAL INFORMATION (SUBMITTED BY APPLICANT),,
doc-076,2011/0734,,https://developmentandhousing.hackney.gov.uk/planning/index.html?fa=getApplication&id=21998,ADDITIONAL INFORMATION (SUBMITTED BY APPLICANT),,
doc-077,2011/0734,,https://developmentandhousing.hackney.gov.uk/planning/index.html?fa=getApplication&id=21998,ADDITIONAL INFORMATION (SUBMITTED BY APPLICANT),,
doc-078,2011/0734,,https://developmentandhousing.hackney.gov.uk/planning/index.html?fa=getApplication&id=21998,ADDITIONAL INFORMATION (SUBMITTED BY APPLICANT),,
doc-079,2011/0734,,https://developmentandhousing.hackney.gov.uk/planning/index.html?fa=getApplication&id=21998,ADDITIONAL INFORMATION (SUBMITTED BY APPLICANT),,
doc-080,2011/0734,,https://developmentandhousing.hackney.gov.uk/planning/index.html?fa=getApplication&id=21998,ARCHAEOLOGICAL DESK-BASED ASSESSMENT,,
doc-081,2011/0734,,https://developmentandhousing.hackney.gov.uk/planning/index.html?fa=getApplication&id=21998,ENERGY STRATEGY,,
doc-082,2011/0734,,https://developmentandhousing.hackney.gov.uk/planning/index.html?fa=getApplication&id=21998,EXTENDED PHASE 1 HABITAT SURVEY,,
doc-083,2011/0734,,https://developmentandhousing.hackney.gov.uk/planning/index.html?fa=getApplication&id=21998,DRAWING,,
doc-084,2011/0734,,https://developmentandhousing.hackney.gov.uk/planning/index.html?fa=getApplication&id=21998,DRAWING,,
