reference,name,description,reason,organisation
2023_1428-condition-01,Condition 1,The use of the site for filming purposes shall cease on or before 18th September 2023 and shall return to its former Class C3 use (residential dwellinghouse).,"The change of use is not such as the Council is prepared to approve, other than for a limited period. The permanent change of use would result in the possible loss of a residential unit and would be contrary to the requirements of policy H3 of the Camden Local Plan 2017.",local-authority:CMD
2023_1428-condition-02,Condition 2,"The development hereby permitted shall be carried out in accordance with the following approved plans: CGD5 Location Plan, Cover Letter dated 04/04/2023.",For the avoidance of doubt and in the interest of proper planning.,local-authority:CMD
2023_1428-condition-03,Condition 3,"The use hereby permitted shall not be carried out outside the following times: 09:00 to 21:00 Mondays to Fridays and at no time on Saturdays, Sundays or Bank Holidays.",To safeguard the amenities of the adjoining premises and the area generally in accordance with the requirements of policies A1 and A4 of the London Borough of Camden Local Plan 2017.,local-authority:CMD
2023_1428-condition-04,Condition 4,No sound emanating from the use shall be audible within any adjoining premises between 2300 hrs and 0700 hrs.,To safeguard the amenities of the adjoining premises and the area generally in accordance with the requirements of policies A1 and A4 of the London Borough of Camden 2017.,local-authority:CMD
DC_15_092295-condition-01,Condition 1: Approved Drawings and Documents – Detailed Components,"Development of Plots 1, 2 and 3 shall be carried out in accordance with the drawings and other documents hereby approved and as detailed below: Drawings: HKB-DEPT-EX-06-SIT-001 Rev 01; HKB-DEPT-EX-06-SIT-002 Rev 01; HKB-DEPT-EX-06-SIT-003 Rev 01; HKB-DEPT-EX-06-SIT-004 Rev 01; HKB- DEPT-PA-06-SIT-002 Rev 01; HKB-DEPT-PA-06-SIT-003 Rev 01; HKB-DEPT- PA-06-SIT-004 Rev 01; HKB-DEPT-PA-06-SIT-005 Rev 01; HKB-DEPT-PA-06- SIT-006 Rev 01; HKB-DEPT-PA-06-SIT-007 Rev 01; HKB-DEPT-PA-06-SIT-008 Rev 01; HKB-DEPT-02-06-GRD-001 REV 01; HKB-DEPT-02-06-L01-001 REV 01; HKB-DEPT-02-06-L07-001 REV 01; HKB-DEPT-02-06-L08-001 REV 01; HKB- DEPT-02-06-L09-001 REV 01; HKB-DEPT-02-06-L10-001 REV 01; HKB-DEPT- 02-06-L11-001 REV 01; HKB-DEPT-02-06-RF-001 REV 01; HKB-DEPT-02-06- ELE-001 REV 01; HKB-DEPT-02-06-ELE-002 REV 01; HKB-DEPT-02-06-ELE- 003 REV 01; HKB-DEPT-02-06-ELE-004 REV 01; HKB-DEPT-02-06-ELE-005 REV 01; HKB-DEPT-02-06-ELE-006 REV 01; HKB-DEPT-02-06-ELE-007 REV 01; HKB-DEPT-02-06-ELE-008 REV 01; HKB-DEPT-02-06-ELE-009 REV 01; HKB-DEPT-02-06-SEC-001 REV 01; HKB-DEPT-02-06-SEC-002 REV 01; HKB- DEPT-02-06-SEC-003 REV 01; HKB-DEPT-03-06-GRD-001 REV 01; HKB-DEPT- 03-06-L01-001 REV 01; HKB-DEPT-03-06-L02-001 REV 01; HKB-DEPT-03-06- L03-001 REV 01; HKB-DEPT-03-06-L04-001 REV 01; HKB-DEPT-03-06-L05-001 REV 01; HKB-DEPT-03-06-L06-001 REV 01; HKB-DEPT-03-06-L07-001 REV 01; HKB-DEPT-03-06-L08-001 REV 01; HKB-DEPT-03-06-L09-001 REV 01; HKB- DEPT-03-06-L10-001 REV 01; HKB-DEPT-03-06-RF-001 REV 01; HKB-DEPT-03- 06-ELE-001 REV 01; HKB-DEPT-03-06-ELE-002 REV 01; HKB-DEPT-03-06-ELE- 003 REV 01; HKB-DEPT-03-06-ELE-004 REV 01; HKB-DEPT-03-06-ELE-005 REV 01; HKB-DEPT-03-06-ELE-006 REV 01; HKB-DEPT-03-06-ELE-007 REV 01; HKB-DEPT-03-06-ELE-008 REV 01; HKB-DEPT-03-06-ELE-009 REV 01; HKB-DEPT-03-06-ELE-010 REV 01; VGA-DEPT-02-90-LS-001 REV -; VGA- DEPT-02-94-LS-001 REV -; VGA-DEPT-02-94-LS-002 REV -; VGA-DEPT-02-97- LS-001 REV -; VGA-DEPT-02-97-LS-002 REV -; VGA-DEPT-03-90-LS-001 REV -; VGA-DEPT-03-94-LS-001 REV -; VGA-DEPT-03-94-LS-002 REV -; VGA-DEPT- 03-97-LS-001 REV -; VGA-DEPT-03-97-LS-002 REV -; VGA-DEPT-01-90-SEC- 001 REV -; VGA-DEPT-01-90-SEC-002 REV -; VGA-DEPT-02-90-SEC-001 REV 02; VGA-DEPT-02-90-SEC-002 REV 02; VGA-DEPT-02-90-SEC-003 REV -; VGA-DEPT-03-90-SEC-001 REV -; VGA-DEPT-03-90-SEC-002 REV -; VGA- DEPT-03-90-SEC-003 REV -; HOK-204829-01A-06-TYP-001 REV 1; HOK- 204829-01A-06-TYP-002 REV 1; HOK-204829-01A-06-TYP-003 REV 1; HOK- 204829-01B-06-TYP-004 REV 1; HOK-204829-01B-06-TYP-005 REV 1; HOK- 204829-01B-06-TYP-006 REV 1; HKB-DEPT-02-06-TYP-000.1 REV 01; HKB- DEPT-02-06-TYP-000.2 REV 01; HKB-DEPT-02-06-TYP-001 REV 01; HKB- DEPT-02-06-TYP-002 REV 01; HKB-DEPT-02-06-TYP-003 REV 01; HKB-DEPT- 02-06-TYP-004 REV 01; HKB-DEPT-02-06-TYP-005 REV 01; HKB-DEPT-02-06- TYP-006 REV 01; HKB-DEPT-02-06-TYP-007 REV 01 HKB-DEPT-02-06-TYP- 008 REV 01; HKB-DEPT-02-06-TYP-009 REV 01; HKB-DEPT-02-06-TYP-010 REV 01; HKB-DEPT-02-06-TYP-011 REV 01; HKB-DEPT-02-06-TYP-012 REV 01; HKB-DEPT-02-06-TYP-013 REV 01; HKB-DEPT-02-06-TYP-014 REV 01; HKB-DEPT-02-06-TYP-015 REV 01; HKB-DEPT-02-06-TYP-016 REV 01; HKB- DEPT-02-06-TYP-017 REV 01; HKB-DEPT-02-06-TYP-018 REV 01; HKB-DEPT- 02-06-TYP-019 REV 01; HKB-DEPT-02-06-TYP-020 REV 01; HKB-DEPT-02-06- TYP-021 REV 01; HKB-DEPT-02-06-TYP-022 REV 01; HKB-DEPT-02-06-TYP- 023 REV 01; HKB-DEPT-02-06-TYP-024 REV 01; HKB-DEPT-02-06-TYP-025 REV 01; HKB-DEPT-02-06-TYP-026 REV 01; HKB-DEPT-02-06-TYP-027 REV 01; HKB-DEPT-02-06-TYP-028 REV 01; HKB-DEPT-02-06-TYP-029 REV 01; HKB-DEPT-02-06-TYP-030 REV 01; HKB-DEPT-02-06-TYP-031 REV 01; HKB- DEPT-02-06-TYP-032 REV 01; HKB-DEPT-02-06-TYP-033 REV 01; HKB-DEPT- 02-06-TYP-034 REV 01; HKB-DEPT-02-06-TYP-035 REV 01; HKB-DEPT-02-06- TYP-036 REV 01; HKB-DEPT-02-06-TYP-037 REV 01; HKB-DEPT-02-06-TYP- 038 REV 01; HKB-DEPT-02-06-TYP-039 REV 01; HKB-DEPT-02-06-TYP-040 REV 01; HKB-DEPT-03-06-TYP-000 REV 01; HKB-DEPT-03-06-TYP-001 REV 01; HKB-DEPT-03-06-TYP-002 REV 01; HKB-DEPT-03-06-TYP-003 REV 01; HKB-DEPT-03-06-TYP-004 REV 01; HKB-DEPT-03-06-TYP-005 REV 01; HKB- DEPT-03-06-TYP-006 REV 01; HKB-DEPT-03-06-TYP-007 REV 01; HKB-DEPT- 03-06-TYP-008 REV 01; HKB-DEPT-03-06-TYP-009 REV 01; HKB-DEPT-03-06- TYP-010 REV 01; HKB-DEPT-03-06-TYP-011 REV 01; HKB-DEPT-03-06-TYP- 012 REV 01; HKB-DEPT-03-06-TYP-013 REV 01; HKB-DEPT-03-06-TYP-014 REV 01; HKB-DEPT-03-06-TYP-015 REV 01; HKB-DEPT-03-06-TYP-016 REV 01; HKB-DEPT-03-06-TYP-017 REV 01; HKB-DEPT-03-06-TYP-018 REV 01; HKB-DEPT-03-06-TYP-019 REV 01; HKB-DEPT-03-06-TYP-020 REV 01; HKB- DEPT-03-06-TYP-021 REV 01; HKB-DEPT-03-06-TYP-022 REV 01 and documents; Development Specification (prepared by Quod); Lighting Assessment (prepared by AECOM); Statement of Community Involvement (May 2015); Planning Statement (prepared by Quod May 2015); Affordable Housing Statement (prepared by GL Hearn); Delivery Strategy (prepared by Lend Lease); Commercial Strategy (prepared by Lend Lease); Design Code (Volume 1. Architectural prepared by Hawkins/Brown and Volume 2. Landscape prepared by Vogt Landscape Ltd); Transport Assessment (prepared by Vectos); Framework Travel Plan (prepared by Vectos); Framework Delivery and Servicing Management Plan (prepared by Vectos); Parking Management Plan (prepared by Vectos); Draft Construction Environmental Management Plan (CEMP) (prepared by Lend Lease); Framework Construction Traffic Management Plan (prepared by Vectos); Energy Assessment (prepared by Peter Brett Associates LLP); Environmental Sustainability Statement (prepared by AECOM); Ventilation and Extraction Statement (prepared by AECOM); Health Impact Assessment (prepared by Quod); Tree Survey (prepared by CSa Environmental Planning); Environmental Statement (prepared by Quod) received 18th May 2015 Drawings: HKB-DEPT-EX-06-ELE-001 Rev 02; HKB-DEPT-EX-06-ELE-002 Rev 02; HKB-DEPT-EX-06-ELE-003 Rev 02; HKB-DEPT-EX-06-ELE-004 Rev 02; HKB-DEPT-EX-06-SIT-005 Rev 02; HKB-DEPT-EX-06-SIT-006 Rev 02; HKB- DEPT-PA-06-SIT-001 Rev 02; HOK-204829-01A-06-BAY-007 REV 2; HOK- 204829-01AB-06-BAY-008 REV 2; HOK-204829-01B-06-BAY-009 REV 2; HOK- 204829-01B-06-BAY-010 REV 2; HKB-DEPT-02-06-L02-001 REV 02; HKB-DEPT- 02-06-L03-001 REV 02; HKB-DEPT-02-06-L04-001 REV 02; HKB-DEPT-02-06- L05-001 REV 02; HKB-DEPT-02-06-L06-001 REV 02; HKB-DEPT-02-06-BAY-001 REV 02; HKB-DEPT-02-06-BAY-002 REV 02; HKB-DEPT-02-06-BAY-003 REV 02; HKB-DEPT-02-06-BAY-004 REV 02; HKB-DEPT-02-06-BAY-005 REV 02; HKB-DEPT-03-06-BAY-001 REV 02; HKB-DEPT-03-06-BAY-002 REV 02; HKB- DEPT-03-06-BAY-003 REV 02; Received June 2015 HKB-DEPT-MP-06-SIT-001 Rev 02; HKB-DEPT-MP-06-SIT-002 Rev 02; HKB- DEPT-MP-06-SIT-003 Rev 02; HKB-DEPT-MP-06-SIT-004 Rev 02; HKB-DEPT- MP-06-ELE-001 Rev 03; HKB-DEPT-MP-06-ELE-002 Rev 03; HKB-DEPT-MP-06- ELE-003 Rev 03; HKB-DEPT-MP-06-ELE-004 Rev 03; HOK-204829-01-06-GRD- 001 REV 2; HOK-204829-01-06-L01-002 REV 2; HOK-204829-01-06-L02-003 REV 2; HOK-204829-01-06-L03-004 REV 2; HOK-204829-01-06-L04-005 REV 2; HOK-204829-01-06-L05-006 REV 2; HOK-204829-01-06-L06-007 REV 2; HOK- 204829-01-06-L07-008 REV 2; HOK-204829-01-06-L08-009 REV 2; HOK-204829- 01-06-L09-010 REV 2; HOK-204829-01-06-L10-011 REV 2; HOK-204829-01-06- L11-012 REV 2; HOK-204829-01-06-L12-013 REV 2; HOK-204829-01-06-L13-014 REV 2; HOK-204829-01-06-L14-015 REV 2; HOK-204829-01-06-L15-016 REV 2; HOK-204829-01-06-L16-017 REV 2; HOK-204829-01-06-L17-018 REV 2; HOK- 204829-01-06-L18-019 REV 2; HOK-204829-01-06-L19-020 REV 2; HOK-204829- 01-06-L20-021 REV 2; HOK-204829-01-06-L21-022 REV 3; HOK-204829-01-06- L22-023 REV 3; HOK-204829-01-06-L23-024 REV 3; HOK-204829-01-06-RF-025 REV 2; HOK-204829-01-06-ELE-001 REV 2; HOK-204829-01-06-ELE-002 REV 2; HOK-204829-01-06-ELE-003 REV 2; HOK-204829-01-06-ELE-004 REV 2; HOK- 204829-01-06-ELE-005 REV 2; HOK-204829-01-06-ELE-006 REV 2; HOK- 204829-01-06-ELE-007 REV 2; HOK-204829-01-06-ELE-008 REV 2; HOK- 204829-01-06-SEC-001 REV 2; HOK-204829-01-06-SEC-002 REV 2; HOK- 204829-01-06-SEC-003 REV 2; HOK-204829-01C-06-BAY-001 REV 3; HOK- 204829-01C-06-BAY-002 REV 3; HOK-204829-01C-06-BAY-003 REV 3; HOK- 204829-01C-06-BAY-004 REV 3; HOK-204829-01C-06-BAY-005 REV 3; HOK- 204829-01C-06-BAY-006 REV 3; VGA-DEPT-XXX-90-LS-001 REV 01; VGA- DEPT-01-90-LS-001 REV 01; VGA-DEPT-01-94-LS-001 REV 01; VGA-DEPT-01- 94-LS-002 REV 01; VGA-DEPT-01-97-LS-001 REV 01; VGA-DEPT-01-97-LS-002 REV 01; HOK-204829-01C-06-TYP-007 REV 2; HOK-204829-01C-06-TYP-008 REV 2; HOK-204829-01C-06-TYP-009 REV 2; HOK-204829-01C-06-TYP-010 REV 2; Environmental Statement Addendum (August 2015 prepared by Quod) Received 10th August 2015 Environmental Statement Non-Technical Summary (September 2015 prepared by Quod); Environmental Statement Second Addendum (September 2015 prepared by Quod) Received 22nd September 2015 Demolition and Remediation Information submission consisting of: (a) an earthworks Mass Balance Assessment V2 and drawing no. KELT-6013- MBPA-001 Rev A (prepared by Keltbray remediation); (b) a Preliminary Site Waste Management Plan dated June 2015 (Document Ref: 001 prepared by TRC Companies Ltd); (c) a Written Scheme of Investigation for an Archaeological Evaluation (Version 1) dated March 2015 (prepared by CGMS); (d) a Construction and Environmental Management Plan Revision 2 dated September 2015 (Document Ref: 0001 prepared by TRC Companies Ltd); (e) a Detailed Quantitative Risk Assessment dated June 2015 (prepared by TRC Companies Ltd); (f) a Factual Intrusive Ground Investigation Report dated June 2015 (prepared by TRC Companies Ltd); (g) an Outline Remediation Strategy dated June 2015 (prepared by TRC Companies Ltd) (h) drawing numbersHKB-DEPT-S96A-SIT-001; HKB-DEPT-S96A-SIT-003 Received 28th October 2015",To ensure that the Development is carried out in accordance with the approved plans and drawings and other documents submitted with the application and to ensure that the Development is acceptable to the local planning authority and further the Development accords with the EIA undertaken.,local-authority:LEW
DC_15_092295-condition-02,Condition 2: Approved Drawings – Outline Components,"All reserved matters applications shall include a statement to demonstrate compliance with the parameters, plans and principles set out in the Development Specification, the Parameter Plans (HKB-DEPT-PA-06-SIT-001 Rev 02; HKB- DEPT-PA-06-SIT-002 Rev 01; HKB-DEPT-PA-06-SIT-003 Rev 01; HKB-DEPT- PA-06-SIT-004 Rev 01; HKB-DEPT-PA-06-SIT-005 Rev 01; HKB-DEPT-PA-06- SIT-006 Rev 01; HKB-DEPT-PA-06-SIT-007 Rev 01; HKB-DEPT-PA-06-SIT-008 Rev 01), the Energy Strategy, the Design Code: Volume 1 Architectural and the Design Code: Volume 2 Landscape.",To ensure that the Development is carried out in accordance with the approved plans and drawings and other documents submitted with the application and to ensure that the Development is acceptable to the local planning authority and further the Development accords with the EIA undertaken.,local-authority:LEW
DC_15_092295-condition-03,Condition 3: Time Limit – Outline Components,"(a) No part of the Development (other than Enabling Works) shall be commenced on Plot 4, 5 or 6 unless and until an application for written approval of the matters reserved by this planning permission (the “Reserved Matters”) in respect of the relevant part of the Development has been made to and approved in writing by the local planning authority. The Reserved Matters application or applications shall include detailed plans, sections and elevations showing: (i) Layout (ii) Scale (iii) Appearance (iv) Landscaping (v) Means of access (b) Application(s) for approval of the Reserved Matters for Plot 4, 5 or 6 must be made not later than the expiration of EIGHT YEARS from the date of the grant of this permission; and (c) Development of any of Plot 4, 5 or 6 must be begun not later than the expiration of FIVE YEARS from the final approval of reserved matters for that Plot, or, in the case of approval on different dates, the approval of the last such matter to be approved for that Plot.",To comply with Section 92 of the Town and Country Planning Act 1990.,local-authority:LEW
DC_15_092295-condition-04,Condition 4: Time Limit – Detailed Components,The Development within Development Area One must be begun not later than THREE years from the date of the grant of this permission.,As required by Section 91 of the Town and Country Planning Act 1990.,local-authority:LEW
DC_15_092295-condition-05,Condition 5: Restriction on commencement until interests bound,"(a) Unless the local planning authority shall have first agreed in writing that it is not necessary to bind the particular interest or interests in question or the interest is an Excluded Interest, no works (other than the Enabling Works) shall be carried out under this permission on any land within Plot 3 unless and until all legal and equitable interests in the land comprised within Plot 3 have been bound by the provisions of the Section 106 Agreement and title in respect of such interests has been deduced to the local planning authority. (b) Unless the local planning authority shall have first agreed in writing that it is not necessary to bind the particular interest or interests in question or the interest is an Excluded Interest, no works (other than Enabling Works) shall be carried out under this permission on any land within Plot 4 unless and until all legal and equitable interests in the land comprised within Plot 4 have been bound by the provisions of the Section 106 Agreement and title in respect of such interests has been deduced to the local planning authority. (c) Unless the local planning authority shall have first agreed in writing that it is not necessary to bind the particular interest or interests in question, no works shall be carried out under this permission on any land within Plot 5 unless and until all legal and equitable interests in the land shown shaded blue and hatched black on Plan 9 attached to the Section 106 Agreement (a copy of which plan is attached to this permission) have been bound by the provisions of the Section 106 Agreement and title in respect of such interest or interests has been deduced to the local planning authority. (d) Unless the local planning authority shall have first agreed in writing that it is not necessary to bind the particular interest or interests in question or the interest is an Excluded Interest, no works (other than Enabling Works) shall be carried out under this permission on any remaining land within Plot 5 (that is to say any land within Plot 5 other than the land referred to in part (c) of this condition) unless and until all legal and equitable interests in such remaining land within Plot 5 have been bound by the provisions of the Section 106 Agreement and title in respect of such interests has been deduced to the local planning authority.",To avoid piecemeal Development across the site and to ensure that the Development of EIA Phases 2 and 3 does not commence until comprehensive Development of the site can be delivered in accordance with Core Strategy Policy SSA4 and further to ensure that all parts of the Site are appropriately bound by the planning obligation requirements relating to the Development.,local-authority:LEW
DC_15_092295-condition-06,Condition 6: Phasing,"(a) Unless otherwise approved in accordance with Condition 7, the Development shall be carried out in accordance with the following programme: EIA Phase Component works* Stage One Enabling Works 1A Pub Refurbishment Blocks 2A, 2B, 2C, 2D and 2E Blocks 1A, 1B and 1C Any Enabling Works not carried out during the Stage One Enabling Works may be carried out within this EIA Phase 1B Blocks 3A, 3B, 3C and 3D Blocks 1A, 1B and 1C Any Enabling Works not already carried out within the Stage One Enabling Works and Phase 1A may be carried out within this EIA Phase 2 Blocks 4A, 4B, 4C and 4D Stage One Enabling Works, Phases 1A and 1B may be carried out within this EIA Phase 3 Blocks 5A, 5B, 5C, 5D and 5E Blocks 6A, 6B and 6C Any Enabling Works not already carried out within the Stage One Enabling Works, Phases 1A, 1B and 2 may be carried out within this EIA Phase *works comprised within each EIA Phase are not required to be carried out in any sequence or order. Any Enabling Works (including demolition, site remediation and site preparation) may be carried out at various stages throughout the development and are not required to be carried out in any sequence or order. (b) Prior to the commencement of any Development Phase a Development Phase Plan in respect of that Development Phase must be submitted to the local planning authority; (c) Subject to condition 7, the Development shall be carried out in accordance with the programme set out in part (a) of this condition.",To ensure that the Development is carried out with the sequencing/phasing in the approved delivery strategy; and accords with the EIA undertaken; and to ensure the comprehensive development of the Site; and that the development is implemented in accordance with the general and site specific policies set out in the Core Strategy Policy 4 and Strategic Site Allocations 1 and 4 and to assist with the identification of each chargeable development (being the Development Phase) and the calculation of the amount of CIL payable in respect of each chargeable development in accordance with the Community Infrastructure Levy Regulations 2010 (as amended),local-authority:LEW
DC_15_092295-condition-07,Condition 7: Revisions to phasing programme,"(a) No departure shall be made from the approved phasing programme set out in Condition 6 (a) without the written approval of the local planning authority which shall be obtained prior to the commencement of the relevant EIA Phase and (without prejudice to the exercise of the Council’s statutory discretion as local planning authority) no such approval shall be given unless it is demonstrated that any revision to the phasing programme: (i) is unlikely to give rise to any new or different significant environmental effects in comparison to the Development as approved in this permission and assessed through the Environmental Impact Assessment (EIA) process prior to the grant of this permission (unless and to the extent that such changes are validly approved by the local planning authority after being assessed by an environmental statement or further environmental information (as appropriate) and an appropriate EIA process in accordance with part (b) of this condition); and (ii) will secure the comprehensive phased development of the Site in accordance with Core Strategy Policy 4 and Core Strategy Strategic Allocation Policies 1 and 4. (b) Any application for approval pursuant to part (a) (i) of this condition shall be accompanied by a written statement (together with other documents or information as necessary) which demonstrate that the revised phasing programme is unlikely to give rise to any new or different significant environmental effects in comparison to the Development as approved in this permission and assessed through the EIA process prior to the grant for this permission, provided that if the said written statement concludes that the revised phasing programme is likely to have such effects, then the application under this condition 7 shall be accompanied by further environmental information assessing those effects.",To ensure that the Development of EIA Phases 2 and 3 does not commence until comprehensive Development of the site can be delivered in accordance with Core Strategy Policy SSA4 and further to ensure that all parts of the Site are appropriately bound by the planning obligation requirements relating to the Development and in accordance with the EIA.,local-authority:LEW
DC_15_092295-condition-08,Condition 8: Total Built Non-Residential Floorspace,"The total built floorspace for non-residential uses within the Development shall not exceed the following floorspace for individual land uses in respect of each Plot: Plot Use Class M2 (GIA)* 1 A1/A2/A3/A4/A5/D1/D2/B1 765 2 A1/A2/A3/A4/A5/D1/D2/B1 453 Energy Centre (Sui Generis) 326 3 A1/A2/A3/A4/A5/D1/D2/B1 1,297 B1 2,622 4, 5 and A1/A2/A3/A4/A5/D1/D2/B1 1,056 6 B1 3,437 Total A1/A2/A3/A4/A5/D1/D2/B1 3,571 B1 6,059 Energy Centre 326 *All areas include ancillary uses",To ensure that the Development remains within the parameters assessed for EIA purposes.,local-authority:LEW
DC_15_092295-condition-09,Condition 9: Total Residential Units,"The total built number of residential units within the Development shall not exceed the following unit numbers for each Plot: Plot Residential Units Dwellings 1 210 2 203 3 149 4, 5 & 6 570 Total 1,132",In order that the local planning authority is satisfied with the details of the proposed Development.,local-authority:LEW
DC_15_092295-condition-10,Condition 10: Land Use Reconciliation,Each application for the approval of Reserved Matters shall be accompanied by a statement that sets out how the non-residential floorspace and residential unit numbers subject to the Reserved Matters submission relates to the overall limits of non-residential floorspace and residential unit numbers permitted pursuant to conditions 8 and 9.,In order that the local planning authority is satisfied with the details of the proposed Development.,local-authority:LEW
DC_15_092295-condition-11,Condition 11: A1 Floorspace,(a) Not more than 700m 2 (GIA) of the Class A1 floorspace shall be used for convenience retail purposes; (b) Not more than 500m 2 (GIA) of the Class A1 floorspace (not including any such floorspace for convenience retail purposes falling within part (a) of this condition) shall be used for the sale of food; (c) No retail unit (other than for Class A1 food retail floorspace) shall be greater than 250m2 (GIA).,"To ensure that the amount of A1 floorspace provided at the site does not adversely affect the viability and vitality of existing town and district centres, and to comply with Core Strategy Policy 6 (Retail hierarchy and location of retail Development), Development Management Policy DM 13 Location of Main town centre uses and 4.7 Retail and Town Centre Development in the London Plan (March 2015).",local-authority:LEW
DC_15_092295-condition-12,Condition 12: Detail for Outline Components,"Prior to the commencement of the Development (other than Enabling Works) in Plots 4, 5 or 6, detailed drawings including general arrangement plans, elevations and sections (at 1:50 to 1:20 or at another scale considered appropriate) for that Plot shall be submitted to and approved in writing by the local planning authority. Development of the relevant Plot shall be carried out in accordance with the details approved under this condition.","To ensure that the Development is of a satisfactorily high design standard to ensure that it makes a positive contribution to the appearance of the locality and to comply with Core Strategy Policy 4 (Mixed use Employment Locations) 15 (High quality design for Lewisham), Development Management Local Plan (November 2014) DM Policy 30 Urban design and local character, DM Policy 32 Housing design, layout and space standards and Policy 7.6 (Architecture) in the London Plan (March 2015)",local-authority:LEW
DC_15_092295-condition-13,Condition 13: Waste Water,"(a) Prior to the commencement of Development (other than Enabling Works), details of a strategy for the provision of foul water drainage works (including the timetable for those works) shall be submitted to and approved in writing by the local planning authority; (b) The foul water drainage works shall be carried out and completed in accordance with the drainage strategy approved pursuant to part (a) of this condition; (c) Prior to the occupation of any Block, the drainage works related to that Block (as specified in the drainage strategy approved pursuant to part (a) of this condition) shall be completed.",To comply with Core Strategy Policy 10 Managing and reducing the risk of flooding (2011) and Development Management Local Plan (November 2014) DM Policy 28 Contaminated Land,local-authority:LEW
DC_15_092295-condition-14,Condition 14: Water Supply,"With the exception of Enabling Works, the Development shall not commence until impact studies of the existing water supply infrastructure have been submitted to and approved in writing by the local planning authority. The studies should determine the magnitude of any new additional capacity required in the system and a suitable connection point installed.",To comply with Policy 5.13 Sustainable drainage and 5.14 water quality and wastewater infrastructure of the London Plan (March 2015),local-authority:LEW
DC_15_092295-condition-15,Condition 15: External materials (Blocks),"(a) Prior to the commencement of the above ground construction of any Block(s), details, including samples, of all facing materials (including their colour and texture) to be used on that Block(s) must be submitted to and approved in writing by the local planning authority and such details to be submitted for approval shall include: (i) For all Blocks (excluding Blocks 1C and 5A) facing material samples (including their colour and texture) at a minimum size of 1.0m x 1.0m and shall include window frames and surrounding cladding. For Blocks 1C and 5A mock up samples at a minimum size of 3.0m x 3.0m including window frames and surrounding cladding; (ii) Façade design and detailing at 1:20 or 1:5 scale (or at another scale considered appropriate); (iii) Cladding specification, setting-out and detailing around window cills, reveals, copings and flashing at 1:20 scale or 1:5 scale (or at another scale considered appropriate); (iv) Window design and specification including window reveals, spandrels and glazing types at 1:20 or 1:5 scale (or at another scale considered appropriate); (v) Entrance details including residential and commercial entrances, refuse areas and sub-station doors; (vi) Balcony guarding and balustrade at 1:20 or 1:5 scale (or at another scale considered appropriate). (b) The Development shall be carried out in accordance with the details approved under part (a) of this condition, unless the local planning authority agrees in writing to any variation.",To ensure that the design is delivered in accordance with the details submitted and assessed so that the development achieves the necessary high standard and detailing in accordance with Policies 15 High quality design for Lewisham of the Core Strategy (June 2011) and Development Management Local Plan (November 2014) DM Policy 30 Urban design and local character.,local-authority:LEW
DC_15_092295-condition-16,Condition 16: Public realm details/Public Access Areas,"(a) Within 6 months of the commencement (excluding Enabling Works) of any Development Phase involving the construction of all or part of the Public Access Areas, detailed plans and specifications for all the Public Access Areas within that Development Phase including both hard and soft landscaping, street furniture, lighting, drainage and proposed levels shall be submitted to and approved in writing by the local planning authority; (b) Construction of the Public Access Areas shall be carried out and completed in accordance with the details approved pursuant to part (a) of this condition.","To ensure that the Development is of a satisfactorily high design standard to ensure that it makes a positive contribution to the appearance of the locality and to comply with Core Strategy Strategic Site Allocation 4 (Oxestalls Road) 15 (High quality design for Lewisham), Development Management Local Plan (November 2014) DM Policy 30 Urban design and local character and DM Policy 35 Public Realm.",local-authority:LEW
DC_15_092295-condition-17,Condition 17: External lighting and CCTV,"(a) Details of all external lighting and CCTV to be installed in relation to each Block including details of directional hoods and measures to prevent light spillage shall be submitted to the local planning authority and approved in writing before being installed; (b) All such external lighting and CCTV in relation to each Block shall be installed in accordance with the details approved pursuant to part (a) of this condition before any dwelling and / or non-residential unit in such Block is occupied and thereafter the external lighting (including any directional hoods) and CCTV shall be retained in accordance with the approved details; (c) The details submitted for approval pursuant to part (a) of this condition, shall be accompanied by a supporting statement which confirms that the details meet The Institution of Lighting Engineers, Guidance Notes For The Reduction Of Obtrusive Light, with post-curfew levels of 2 lux at any residential habitable room and demonstrates that the proposed lighting and CCTV is the minimum needed for security and working purposes and that the proposals minimise pollution from glare and spillage. (d) The details submitted for approval pursuant to part (a) of this condition shall avoid unnecessary illumination of the bat boxes to be installed pursuant to this permission and the foliage of the trees on the site.",In order that the local planning authority may be satisfied that the lighting is installed and maintained in a manner which will minimise possible light pollution to the night sky and neighbouring properties and to comply with DM Policies 24 and 27 Lighting of the Development Management Local Plan (November 2014).,local-authority:LEW
DC_15_092295-condition-18,Condition 18: Shopfronts for non-residential floorspace,"Not later than 12 months prior to the occupation of any Block which includes A1- A5 floorspace, elevational and sectional details (1:50 and 1:20 scale) of shopfronts to all A1-A5 uses within that Block shall be submitted to and approved in writing by the local planning authority. The said shopfronts shall be installed in accordance with the approved details.","In order that the local planning authority may be satisfied with the details of the proposal and to accord with Policy 15 High quality design for Lewisham of the Core Strategy (June 2011) and Development Management Local Plan (November 2014) DM Policy 19 Shop fronts, signs and hoardings.",local-authority:LEW
DC_15_092295-condition-19,Condition 19: Accessibility,(a) Not fewer than 57 residential units within Development Area One shall be wheelchair accessible or shall be easily adaptable for wheelchair users (designed to SELHP November 2012 standards); (b) Prior to the commencement of any Plot within the Development within Development Area One (other than Enabling Works) detailed design drawings for each dwelling type within that Plot within Development Area One demonstrating compliance with Lifetime Homes standards and identifying the wheelchair units referred to in part (a) of this condition shall be submitted to and approved in writing by the local planning authority; (c) Prior to the commencement of any Plot within the Development within Development Area One (other than Enabling Works) detailed design drawings for each dwelling type within that Plot demonstrating compliance with part (a) of this condition must be submitted to and approved in writing by the local planning authority.,"To ensure that there is an adequate supply of wheelchair accessible housing in the Borough in accordance with Policy 1 Housing provision, mix and affordability and Policy 15 High quality design for Lewisham of the Core Strategy (June 2011) and DM Policy 32 Housing design, layout and space standards of the Development Management Local Plan (November 2014).",local-authority:LEW
DC_15_092295-condition-20,Condition 20: BREEAM,"(a) The non-residential units hereby approved shall achieve a minimum BREEAM rating of ‘Very Good’; (b) No Development, other than Enabling Works, shall commence in any Block containing non-residential units until a Design Stage certificate (prepared by a Building Research Establishment qualified Assessor) in respect of that Block has been submitted to and approved in writing by the local planning authority demonstrating compliance with part (a) of this condition; (c) Within 6 months of occupation of any non-residential unit, evidence shall be submitted to the local planning authority in the form of a Post Construction Certificate (prepared by a Building Research Establishment qualified Assessor) to demonstrate full compliance with part (a) of this condition in respect of that unit.","To comply with Policies 5.1 Climate change and mitigation, 5.2 Minimising carbon dioxide emissions, 5.3 Sustainable design and construction, 5.7 Renewable energy, 5.15 Water use and supplies in the London Plan (2015) and Core Strategy Policy 7 Climate change and adapting to the effects, Core Strategy Policy 8 Sustainable design and construction and energy efficiency (2011).",local-authority:LEW
DC_15_092295-condition-21,Condition 21: Overheating,"(a) No later than 9 months from commencement of development of each Plot (excluding Enabling Works), a scoping assessment report shall be submitted to the local planning authority for approval, identifying the need for overheating analysis in respect to that Plot (including the assumptions used in the analysis); (b) Where the scoping assessment report (based on SAP design stage outputs for a given dwelling type) identifies a risk of overheating above ‘slight', the report shall be supplemented by an overheating analysis conducted for that dwelling type and any resultant necessary additional passive measures identified. The analysis shall be undertaken using dynamic simulation software to show compliance with the procedures described in CIBSE TM52: 2013 - The limits of thermal comfort: avoiding overheating in European buildings and use appropriate current weather data. The report should also include the results of the analysis and any required mitigation proposals; (c) Any required mitigation proposals pursuant to part (b) of this condition shall be installed and retained accordingly.","To comply with Policies 5.1 Climate change and mitigation and 5.9 Overheating and Cooling in the London Plan (2015) and Core Strategy Policy 7 Climate change and adapting to the effects, Core Strategy Policy 8 Sustainable design and construction and energy efficiency (2011).",local-authority:LEW
DC_15_092295-condition-22,Condition 22: Energy savings,"(a) All Blocks shall be constructed in accordance with the approved Environmental Sustainability Statement in order to: • achieve a minimum of 35% improvement in the Target Emission Rate (TER) over the 2013 Building Regulations Part L1A minimum requirement to accord with current (April 2015) GLA requirements for carbon reduction; and • provide a whole house assessment of the efficiency of internal water fittings of a maximum of 105L per person per day (applicable to residential units only). (b) Within 3 months of occupation of any of the residential units hereby approved, evidence (prepared by a suitably qualified assessor) to demonstrate full compliance with part (a) of this condition for each unit shall be submitted to and approved in writing by the local planning authority.","To comply with Policies 5.1 Climate change and mitigation, 5.2 Minimising carbon dioxide emissions, 5.3 Sustainable design and construction, 5.7 Renewable energy, 5.15 Water use and supplies in the London Plan (2015) and Core Strategy Policy 7 Climate change and adapting to the effects, Core Strategy Policy 8 Sustainable design and construction and energy efficiency (2011).",local-authority:LEW
DC_15_092295-condition-23,Condition 23: District Heating,"(a) An on-site Combined Heat and Power (CHP) network supplying all residential and non-residential units in the Development shall be installed and shall be sized to the space heating and hot water requirements of the Development, unless evidence is provided to show full connection to an operational Off-Site Combined Heat and Power (OSCHP). The network shall have the following characteristics: (i) A minimum of 1 No. CHP engine shall be operational by no later than the date of first occupation of the 651st residential unit and shall thereafter serve all completed residential units and non-residential units within the Development; (ii) The CHP network shall be supplied with heat generating plant installed in a single energy centre or an OSCHP network; and (iii) By no later than the completion of the 1,100th residential unit combined heat and power capacity shall be installed in the single energy centre with an electrical output capacity of 756 kWe, serving all residential and non-residential units within the Development;","To comply with Policies 5.1 Climate change and mitigation, 5.2 Minimising carbon dioxide emissions, 5.3 Sustainable design and construction, 5.5 Decentralised energy networks and 5.7 Renewable energy in the London Plan (2015) and Core Strategy Policy 7 Climate change and adapting to the effects and Core Strategy Policy 8 Sustainable design and construction and energy efficiency (2011).",local-authority:LEW
DC_15_092295-condition-24,Condition 24: Performance of the Energy Centre and future connection to an OSCHP,"(a) Prior to the commencement of the Development (other than Enabling Works) a written specification for the Energy Centre demonstrating the carbon-dioxide emission reductions to be achieved together with written information, drawings and sections showing a scheme for the provision of conduits and/or ducting for future potential connection to an OSCHP scheme and network shall be submitted to and approved in writing by the local planning authority; (b) No part of the Development shall be occupied until the Energy Centre (in so far as it relates to the completed units) has been constructed and conduits and/or ducting for future connection to an OSCHP installed in accordance with the scheme and written specification approved pursuant to part (a) of this condition; (c) All residential units and non-residential uses shall be constructed so as to be connected to and to take their energy supply from the Energy Centre.","To comply with Policies 5.1 Climate change and mitigation, 5.2 Minimising carbon dioxide emissions, 5.3 Sustainable design and construction, 5.5 Decentralised energy networks and 5.7 Renewable energy in the London Plan (March 2015) and Core Strategy Policy 7 Climate change and adapting to the effects and Core Strategy Policy 8 Sustainable design and construction and energy efficiency (2011).",local-authority:LEW
DC_15_092295-condition-25,Condition 25: Living Roofs,"(a) Living roofs shall be provided within the Development in accordance with drawings approved under conditions 1 and 2 (as relevant to the living roof in question), the Development Specification, Design and Access Statement: Volume 1 Architectural (May 2015) and Addendum (August 2015), Design and Access Statement: Volume 2 Landscape (May 2015) and Addendum (August 2015) the Design Code: Volume 1 Architectural and the Design Code: Volume 2 Landscape. The living roofs shall be maintained as such thereafter; (b) The living roofs shall not be used for play or recreation and shall only be used in the case of essential maintenance or repair, or escape in case of emergency; (c) Within 12 months of the commencement of any Block that is to have a living roof, details of living roofs (including roof plans to a scale of 1:50, cross- sections to a scale of 1:20, specification and details of a substrate base, species to be planted and details of management) for that Block shall be submitted to the local planning authority for approval; (d) Living roofs for any Block that is to have a living roof shall be completed in accordance with the details approved under part (c) of this condition and no part of any Block containing living roofs shall be occupied until written evidence that the living roofs for that Block have been completed (subject only to planting) in accordance with the details approved pursuant to part (c) of this condition has been submitted to the local planning authority; (e) Living roofs, for any Block which is to have a living roof, shall be planted or seeded during the first planting season following the practical completion of the Block in question in accordance with the details approved under part (c) of this condition.","To comply with Policies 5.10 Urban greening, 5.11 Green roofs and development site environs, 5.12 Flood risk management, 5.13 Sustainable Drainage and 7.19 Biodiversity and access to nature conservation in the London Plan (March 2015) , Policy 10 managing and reducing flood risk and Policy 12 Open space and environmental assets of the Core Strategy (June 2011), and DM Policy 24 Biodiversity, living roofs and artificial playing pitches of the Development Management Local Plan (November 2014).",local-authority:LEW
DC_15_092295-condition-26,Condition 26: Electric Vehicle Charging Points,"(a) Of the total car parking provision, the Development shall provide 20% active and 20% passive electric vehicle charging points; (b) Within 12 months of commencement of each Plot (excluding Enabling Works) a parking plan showing the number, location and specification of the electric charging points relevant to each Plot along with a programme for their installation and maintenance in relation to that Plot shall be submitted to the local planning authority for approval; (c) The electric vehicle charging points as approved pursuant to part (b) of this condition shall be installed prior to first occupation of any Plot in relation to which the electric vehicle charging points are to be provided; (d) Once installed, the electric vehicle charging points shall be maintained thereafter in accordance with the details approved under part (b) of this condition.","To reduce pollution emissions in an Air Quality Management Area in accordance with Policy 7.14 Improving air quality in the London Plan (March 2015), and DM Policy 29 Car parking of the Development Management Local Plan (November 2014).",local-authority:LEW
DC_15_092295-condition-27,Condition 27: Construction Waste Management Plan,(a) The Stage One Enabling Works shall be carried out in accordance with the approved: (i) earthworks Mass Balance Assessment V2 and drawing no. KELT-6013-MBPA-001 Rev A (prepared by Keltbray remediation); and (ii) Preliminary Site Waste Management Plan dated June 2015 (Document Ref: 001 prepared by TRC Companies Ltd). (b) Prior to commencement of any Development Phase including any site remediation works (but excluding the Stage One Enabling Works and any Development Phase within the blue line boundary shown on drawing no. HKB- DEPT-S96A-SIT-003) an earthworks mass balance calculation shall be undertaken and submitted to and approved in writing by the local planning authority; (c) Prior to commencement of any Development Phase (but excluding the Stage One Enabling Works) a plan containing the detailed strategy for the on/off-site disposal of contaminated waste (a ‘Construction Waste Management Plan’) for that Development Phase shall be submitted to and approved in writing by the local planning authority; (d) Each Development Phase (excluding the Stage One Enabling Works) shall be carried out and operated in accordance with the approved Construction Waste Management Plan for that Development Phase.,"In order that the local planning authority may be satisfied with the provisions for recycling facilities and refuse storage in the interest of safeguarding the amenities of neighbouring occupiers and the area in general, in compliance with Development Management Local Plan (November 2014) DM Policy 30 Urban design and local character and Core Strategy Policy 13 Addressing Lewisham waste management requirements (2011).",local-authority:LEW
DC_15_092295-condition-28,Condition 28: Operational Waste Management Plan,"(a) Prior to the occupation of any Plot, a plan containing details for the disposal, processing, recycling and storage of operational waste and for the provision of composting facilities (an ‘Operational Waste Management Plan’) for that Plot shall be submitted to and approved in writing by the local planning authority; (b) Each Plot shall be operated in accordance with the Operational Waste Management Plan for that Plot as approved under part (a) of this condition.","In order that the local planning authority may be satisfied with the provisions for recycling facilities and refuse storage in the interest of safeguarding the amenities of neighbouring occupiers and the area in general, in compliance with Development Management Local Plan (November 2014) DM Policy 30 Urban design and local character and Core Strategy Policy 13 Addressing Lewisham waste management requirements (2011).",local-authority:LEW
DC_15_092295-condition-29,Condition 29: Protecting Residential Properties from External Noise,"(a) All Blocks containing residential units shall be designed so as to provide sound insulation against external noise and vibration, to achieve levels not exceeding 30dB LAeq (night) and 45dB LAmax (measured with F time weighting) for bedrooms, 35dB LAeq (day) for all habitable rooms, with windows shut and other means of ventilation provided; (b) External amenity areas associated with residential units shall be designed to achieve levels not exceeding 55 dB LAeq (day), unless written permission has been given by the local planning authority to allow exceedance of this; (c) Prior to the commencement (other than Enabling Works) of any Block containing residential units, details of a sound insulation scheme for that Block complying with part (a) of this condition shall be submitted to and approved in writing by the local planning authority; (d) Prior to the occupation of any residential Block, installation of the sound insulation scheme approved pursuant to part (c) of this condition in relation to that Block shall be completed . Thereafter, the sound insulation scheme shall be maintained in accordance with the approved details.","To safeguard the amenities of the occupiers of the proposed dwellings and to comply with DM Policy 26 Noise and vibration and DM Policy 32 Housing design, layout and space standards of the Development Management Local Plan (November 2014).",local-authority:LEW
DC_15_092295-condition-30,Condition 30: Soundproofing Mixed Use Blocks or Where Commercial Adjoins Residential,"(a) Prior to commencement of any Block (other than Enabling Works) full written details, including relevant drawings and specifications of the proposed works of sound insulation against airborne noise to meet D’nT,w + Ctr dB of not less than 55 dB for walls and/or ceilings where residential units adjoin non- residential use (excluding circulation space) for that Block shall be submitted to and approved in writing by the local planning authority; (b) Each relevant Block shall only be occupied once the soundproofing works identified as to be installed in relation to that Block pursuant to the details approved under part (a) of this condition have been installed in accordance with the approved details; (c) The soundproofing shall be retained permanently in accordance with the approved details.","In the interests of residential amenity and to comply with DM Policy 26 Noise and vibration and DM Policy 32 Housing design, layout and space standards of the Development Management Local Plan (November 2014).",local-authority:LEW
DC_15_092295-condition-31,Condition 31: Fixed Plant Noise Control,(a) The rating level of the noise emitted from fixed plant (including CHP) on the site shall be 5dB below the existing background level at any time. The noise levels shall be determined at the façade of any neighbouring noise sensitive property. The measurements and assessments shall be made according to BS4142:1997; (b) Prior to the commencement of any Development Phase incorporating a Block or Public Access Area (other than Enabling Works) details of a scheme containing measures to ensure compliance with part (a) of this condition in respect of that Development Phase shall be submitted to and approved in writing by the local planning authority; (c) No Development Phase incorporating a Block shall be occupied until the scheme approved pursuant to part (b) of this condition in respect of that Development Phase has been completed in its entirety. Thereafter the measures required pursuant to part (b) of this condition shall be maintained for the duration of the development.,To safeguard the amenities of the adjoining premises and the area generally and to comply with DM Policy 26 Noise and vibration of the Development Management Local Plan (November 2014).,local-authority:LEW
DC_15_092295-condition-32,Condition 32: Noise and vibration from construction works,"(a) Where construction activities are identified which are predicted to result in levels in excess of the following values, then the local planning authority shall be informed and details of mitigation measures shall be submitted to and approved in writing by the local planning authority prior to any such work commencing: 1 mm/s Peak Particle Velocity (PPV) for occupied residential and educational buildings 3 mm/s PPV for occupied commercial premises where work is not of an especially vibration sensitive nature or for potentially vulnerable unoccupied buildings 5 mm/s PPV for other unoccupied buildings (b) In the event that construction activities are identified which are predicted to result in levels in excess of the values set out in part (a) of this condition those construction activities shall not proceed other than in accordance with the mitigation measures approved pursuant to part (a) of this condition.",To safeguard the amenities of the adjoining premises and the area generally and to comply with DM Policy 26 Noise and vibration of the Development Management Local Plan (November 2014).,local-authority:LEW
DC_15_092295-condition-33,"Condition 33: Class A1, A2, A3, A4 and A5 hours of use","No Class A1, A2, A3, A4 or A5 use within the Development shall be open for use other than between the hours of 6.00am and 12.00am on any day of the week.","In order to safeguard the amenities of adjoining occupants at unsociable periods and to comply with Paragraph 120 of the National Planning Policy Framework and DM Policy 26 Noise and Vibration, DM Policy 32 Housing design, layout and space standards, DM Policy 14 District centres shopping frontages, DM Policy 15 Neighbourhood Local Centres, DM Policy 16 Local shopping parades and corner shops, DM Policy 17 Restaurants and cafes (A3 uses), and drinking establishments (A4 uses), DM Policy 18 Hot food take-away shops of the Development Management Local Plan (November 2014)",local-authority:LEW
DC_15_092295-condition-34,Condition 34: Ventilation,"(a) No Class A3, A4 or A5 use shall be occupied until detailed plans and a specification of the equipment comprising a ventilation system which shall include measures to alleviate noise, vibration, fumes and odours (and incorporating active carbon filters, silencer(s) and anti-vibration mountings where necessary for that use), have been submitted to and approved in writing by the local planning authority for that use; (b) The ventilation system shall be installed in accordance with the plans and specification approved under part (a) of this condition before the Class A3, A4 or A5 use in question is occupied and shall thereafter be permanently maintained in accordance with the approved plans and specification.",To safeguard the amenities of the adjoining premises and the area generally and to comply with Policy 17 Restaurants and cafes (A3 uses) and drinking establishments (A4 uses) and DM Policy 18 Hot food take-away shops of the Development Management Local Plan (November 2014).,local-authority:LEW
DC_15_092295-condition-35,"Condition 35: Class A1, A2, A3, A4 and A5 delivery hours","No deliveries shall be made to any Class A1, A2, A3, A4 or A5 use within the Development other than between the hours of 7.00am and 11.00pm Monday to Friday, 7.00am to 7.00pm on Saturdays and 7.00am to 5.00pm on Sundays and Bank Holidays.","In order to safeguard the amenities of adjoining residents and to comply with Paragraph 120 of the National Planning Policy Framework, and DM Policy 26 Noise and Vibration, and DM Policy 32 Housing design, layout and space standards of the Development Management Local Plan (November 2014).",local-authority:LEW
DC_15_092295-condition-36,Condition 36: Landscaping details,"(a) Within 12 months of commencement (excluding Enabling Works) of any Plot which includes landscaping works, landscaping details for that Plot including timescales for completion by reference to occupation of the Plot shall be submitted to the local planning authority for approval; (b) The landscaping details to be submitted under part (a) of this condition shall include drawings showing hard and soft landscaping of any part of the site not occupied by Blocks including any retained features and the treatment thereof (including planting, tree species and location, paving, walls and fences, temporary and permanent site boundary treatments, seating and any other landscaping furniture, lighting , play areas ( as shown in section 2.7 of the Design Code) and details of the permeability of hard surfaces and proposed levels) and shall further include details of the items to be retained and reused as referred to in condition 40; (c) No Plot shall be occupied until the landscaping details to be submitted pursuant to by part (a) of this condition have been approved in writing by the local planning authority and all works required to be completed prior to occupation of such Plot in question have been completed in accordance with the approved details; (d) All planting works which form part of the approved landscaping details in relation to a Plot shall be completed by the end of the first planting season following the completion of the Plot in question. Any trees or plants which within a period of 2 years from the completion of the Plot die, are removed or become seriously damaged or diseased, shall be replaced in the next planting season with others of similar size and species; (e) Prior to the occupation of any Plot, a Landscape Maintenance and Management Plan for the landscaping within that Plot shall be submitted to and approved in writing by the local planning authority. The landscaping shall be managed and maintained in accordance with the approved Landscape Maintenance and Management Plan.","In order that the local planning authority may be satisfied as to the details of the proposal and to comply with Policies 5.12 Flood risk management and 5.13 Sustainable Drainage in the London Plan (March 2015), Lewisham Core Strategy (June 2011) Policy 12 Open space and environmental assets and Policy 15 High quality design for Lewisham and Development Management Local Plan (November 2014) Policy 25 Landscaping and trees, and DM Policy 30 Urban design and local character",local-authority:LEW
DC_15_092295-condition-37,Condition 37: Ecological Mitigation and Enhancement,"(a) Prior to the commencement of the Development (other than Enabling Works) a site-wide strategy for ecological enhancement and mitigation (to demonstrate how the mitigation measures as outlined in Chapter 10 of the Environmental Statement), including a habitat management plan setting out details of monitoring arrangements shall be submitted to and approved in writing by the local planning authority. The site-wide ecological enhancement and mitigation strategy and habitat management plan shall be implemented and complied with, unless otherwise approved in writing by the local planning authority; (b) No clearance works of existing habitats shall be carried out during March to August inclusive, when nesting birds are most likely to be present, unless a pre-commencement survey of nesting birds (to be undertaken by a qualified ecologist) has been submitted to and approved in writing by the local planning authority.","To comply with Policy 7.19 Biodiversity and access to nature conservation in the London Plan (March 2015), Policy 12 Open space and environmental assets of the Core Strategy (June 2011), and DM Policy 24 Biodiversity, living roofs and artificial playing pitches and local character of the Development Management Local Plan (November 2014).",local-authority:LEW
DC_15_092295-condition-38,Condition 38: Building Recording,"(a) No Development including demolition (excluding the Stage One Enabling Works) shall take place in any Development Phase until the implementation of a programme of a Level 1 building recording assessment site work has been secured in accordance with a Written Scheme of Investigation in respect of that Development Phase which has been submitted to and approved by the local planning authority in writing and a report on that evaluation has been submitted to and approved by the local planning authority in writing in respect of that Development Phase; (b) Under part (a) of this condition a Level 1 programme of building recording assessment shall be undertaken in accordance with a Written Scheme of Investigation in respect of that Development Phase; (c) Dependent upon the results of the programme of Level 1 building recording, no Development including demolition (but excluding the Stage One Enabling Works) shall take place in the respective Development Phase until the implementation of a mitigation programme of higher level recording site work in respect of that Development Phase has been secured in accordance with a Written Scheme of Investigation which has been submitted to and approved by the local planning authority in writing and a report on that recording has been submitted to and approved by the local planning authority in writing in respect of that Development Phase; (d) Under part (c) of this condition, a mitigation programme of higher level recording in accordance with a Written Scheme of Investigation in respect of that Development Phase shall be implemented; (e) The structural recording programme on site and post-recording report preparation will be completed prior to one year post the completion date of the respective Development Phase as defined by the borough building regulation officer, in accordance with the programme set out in the Written Scheme of Investigation approved under parts (a) and (c) of this condition, and the provision for analysis, publication and dissemination of the archaeological results and archive deposition has been secured in respect of that Development Phase.","To ensure adequate access for archaeological investigations in compliance with Policies 15 High quality design for Lewisham and 16 Conservation areas, heritage assets and the historic environment of the Core Strategy (June 2011) and Policy 7.8 of the London Plan (March 2015)",local-authority:LEW
DC_15_092295-condition-39,Condition 39: Archaeology,"(a) The Stage One Enabling Works shall be carried out in accordance with the approved Written Scheme of Investigation for an Archaeological Evaluation (Version 1) dated March 2015 (prepared by CGMS); (b) No development (other than demolition to existing ground level and the Stage One Enabling Works) shall take place in any Development Phase until the implementation of a programme of geo / archaeological evaluation site work in accordance with a Written Scheme of Investigation in respect of that Development Phase has been secured and has been submitted to and approved by the local planning authority in writing and a report on that evaluation has been submitted to and approved by the local planning authority in writing in respect of that Development Phase; (c) Under part (b) of this condition, a programme of geo/archaeological investigation in accordance with a Written Scheme of Investigation in respect of that Development Phase shall be implemented; (d) Dependent upon the results of part (c) of this condition, no Development (other than demolition to existing ground level and the Stage One Enabling Works) shall take place in any Development Phase until the implementation of a programme of archaeological mitigation site work has been secured in accordance with a Written Scheme of Investigation which has been submitted to and approved by the local planning authority in consultation with the Greater London Archaeology Advisory Service (GLAAS) in writing and a report on that evaluation has been submitted to and approved by the local planning authority in writing in respect of that Development Phase; (e) Under part (d) of this condition, a programme of archaeological mitigation in accordance with a Written Scheme of Investigation in respect of that Development Phase shall be implemented; (f) The site investigation and post-investigation assessment shall be completed prior to one year post the completion date of the respective Development Phase (other than the Stage One Enabling Works) as defined by the borough building regulation officer, in accordance with the programme set out in the Written Scheme of Investigation approved under parts (b) and (d) of this condition, and the provision for analysis, publication and dissemination of the archaeological results and archive deposition has been secured in respect of that Development Phase.","To ensure adequate access for archaeological investigations in compliance with Policies 15 High quality design for Lewisham and 16 Conservation areas, heritage assets and the historic environment of the Core Strategy (June 2011) and Policy 7.8 of the London Plan (March 2015)",local-authority:LEW
DC_15_092295-condition-40,Condition 40: On-site heritage assets,"(a) Any stones, bricks and paving materials that formed part of the original Grand Surrey Canal towpath, canal edge and bridges that are intact and remain on site shall be assessed for their suitability to be retained and reused and how these may be reused in the landscaping of the Development; (b) The landscaping details to be submitted for approval pursuant to condition 34 shall include details as to how the items referred to in part (a) of this condition have been assessed for their suitability for retention and reuse in the landscaping of the Development.","To ensure adequate access for archaeological investigations in compliance with Policies 15 High quality design for Lewisham and 16 Conservation areas, heritage assets and the historic environment of the Core Strategy (June 2011) and Policy 7.8 of the London Plan (March 2015)",local-authority:LEW
DC_15_092295-condition-41,"Condition 41: Construction , Environmental and Transport Management Plan","(a) The Stage One Enabling Works shall be carried out in accordance with the approved Construction and Environmental Management Plan Revision 2 dated September 2015 (Document Ref: 0001 prepared by TRC Companies Ltd) ; (b) No works including demolition and construction (but excluding the Stage One Enabling Works) shall commence in any Development Phase until a ‘Construction, Environmental and Transport Management Plan’ (CETMP) containing the following have been submitted to and approved in writing by the local planning authority in respect of those works in the relevant Development Phase: (i) details of hours of works; (ii) dust mitigation measures including details of the specification, methodology and location for noise and dust monitoring and how data will be used to manage work on site to minimise impacts on surrounding neighbours; (iii) the location and operation of plant and wheel washing facilities; (iv) details of best practical measures to be employed to mitigate noise (including noise mitigation relating to on-site crushing) and vibration arising out of the construction process; (v) Details of construction traffic movements including cumulative impacts which shall demonstrate the rationalisation of travel and traffic routes to and from the site; full details of the number and time of construction vehicle trips to the site with the intention and aim of reducing the impact of construction related activity; measures to deal with safe pedestrian movement; construction logistics and appropriate measures to control the potential effects of the construction process on the wider road network and environment; (vi) Security Management (to minimise risks to unauthorised personnel); (vii) an Emergency Evacuation Plan for construction workers at the site, in the event of on-site flooding; (viii) Details of the training of site operatives to follow the Construction Management Plan requirements; (c) The details to be provided under part (b) of this condition shall also include detail of the site hoarding of approximately 2.5m in height (with reinforcement along Oxestalls Road) to be erected around the perimeter of a Development Phase or Development Phases (as applicable); (d) Save for works that have first been agreed by the local planning authority in writing, no demolition or construction works shall be undertaken outside the following hours: Monday to Friday - 08:00 to 18:00; Saturday - 08:00 to 13:00; Sundays and Bank Holiday - No Work. (e) No works (including demolition and construction but excluding the Stage One Enabling Works) in the relevant Development Phase shall be carried out other than in accordance with the approved Construction, Environmental and Transport Management Plan.","In order that the local planning authority may be satisfied that the demolition and construction process is carried out in a manner which will minimise possible noise, disturbance and pollution to neighbouring properties and to comply with Policy 5.3 Sustainable design and construction, Policy 6.3 Assessing effects of development on transport capacity and Policy 7.14 Improving air quality of the London Plan (March 2015).",local-authority:LEW
DC_15_092295-condition-42,Condition 42: Flood Risk,"(a) The Development hereby permitted shall only be carried out in accordance with the approved Flood Risk Assessment (FRA) by Peter Brett Associates LLP, ref. 31351 Rev A, dated 8 May 2015, and in accordance with the mitigation measures as detailed in Table 2 on page 21 of the FRA which requires that sleeping accommodation within all Plots are to be set no lower than first floor levels; (b) Prior to the occupation of any Block, a Flood Warning and Evacuation Plan (FWAP) to mitigate the residual flood risk for that Block shall be submitted to and approved in writing by the local planning authority; (c) The mitigation measures required by part (b) of this condition prior to occupation of a Block shall be completed prior to the occupation of that Block and subsequently in accordance with the timing/phasing arrangements embodied within the scheme, or within any other period as may subsequently be agreed in writing by the local planning authority.",To prevent the increased risk of flooding and to improve water quality in accordance with Policies 5.12 Flood risk management and 5.13 Sustainable drainage in the London Plan (March 2015) and Objective 6: Flood risk reduction and water management and Core Strategy Policy 10:Managing and reducing the risk of flooding (2011).,local-authority:LEW
DC_15_092295-condition-43,Condition 43: Surface water,"(a) Within 6 months of commencement of any Development Phase (excluding Enabling Works) a scheme of surface water management for that Development Phase, including specifications of the surface treatments and sustainable urban drainage solutions, must be submitted to and approved in writing by the local planning authority; (b) The scheme for surface water management to be submitted under part (a) of this condition shall accord with the approved Drainage Strategy (as contained within Appendix 9.2 of the Environmental Statement submitted with the planning application). Any proposed change to the Drainage Strategy must be submitted to and approved in writing by the local planning authority prior to a scheme for surface water management for that Development Phase being submitted under part (a) of this condition; (c) Unless otherwise agreed in writing by the local planning authority, each Development Phase (excluding Enabling Works) shall be carried out in accordance with the approved scheme for that Development Phase and thereafter the approved scheme shall be retained in accordance with the details approved pursuant to part (a) of this condition.",To prevent the increased risk of flooding and to improve water quality in accordance with Policies 5.12 Flood risk management and 5.13 Sustainable drainage in the London Plan (March 2015) and Objective 6: Flood risk reduction and water management and Core Strategy Policy 10:Managing and reducing the risk of flooding (2011).,local-authority:LEW
DC_15_092295-condition-44,Condition 44: Contaminated land – details prior to commencement,"(a) The Stage One Enabling Works shall be carried out in accordance with the approved: (i) Detailed Quantitative Risk Assessment dated June 2015 (prepared by TRC Companies Ltd); (ii) Factual Intrusive Ground Investigation Report dated June 2015 (prepared by TRC Companies Ltd); (iii) Outline Remediation Strategy dated June 2015 (prepared by TRC Companies Ltd). (b) Prior to commencement of any Development Phase (including demolition of existing buildings and structures but excluding the Stage One Enabling Works) each of the following shall be complied with:- (i) A desk top study and site assessment to survey and characterise the nature and extent of contamination and its effect (whether on or off- site) and a conceptual site model for that Development Phase have been submitted to and approved in writing by the local planning authority; (ii) A site investigation report to characterise and risk assess that Development Phase which shall include the gas, hydrological and contamination status, specifying rationale; and recommendations for treatment for contamination encountered (whether by remedial works or not) has been submitted to and approved in writing by the Council; (iii) An outline remediation strategy based on the findings of 44 (b((i) and 44 (b)(ii) above will be submitted to and approved in writing by the local planning authority and (iv) All works within the respective Development Phase shall be undertaken in accordance with the approved strategy. (c) If during any works on the site, contamination is encountered which has not previously been identified (“the new contamination”) the local planning authority shall be notified immediately and the terms of part (b) of this condition shall apply to the new contamination. No further works shall take place on that part of the site or adjacent areas affected, until the requirements of part (b) of this condition have been complied with in relation to the new contamination; (d) No Development Phase of the Development shall be occupied until a closure report in respect of that Development Phase has been submitted to and approved in writing by the local planning authority; (e) The closure report to be provided pursuant to part (d) of this condition shall include verification of all measures, or treatments as required in part (b) (i), (ii) & (iii) of this condition and relevant correspondence (including other regulating authorities and stakeholders involved with the remediation works) to verify compliance requirements, necessary for the remediation of that Development Phase have been completed; (f) The closure report to be provided pursuant to part (d) of this condition shall include verification details of both the remediation and post-remediation sampling/works, carried out (including waste materials removed from the site); and before placement of any soil/materials is undertaken on site, all imported or reused soil material must conform to current soil quality requirements as agreed by the local planning authority. Inherent to the above, is the provision of any required documentation, certification and monitoring, to facilitate condition requirements.","To ensure that the local planning authority may be satisfied that potential site contamination is identified and remedied in view of the historical use(s) of the site, which may have included industrial processes and to comply with DM Policy 28 Contaminated Land of the Development Management Local Plan (November 2014).",local-authority:LEW
DC_15_092295-condition-45,Condition 45: Thames Tideway Tunnel,"(a) No development below ground level (other than the Enabling Works) shall be commenced in any Development Phase until detailed design and method statements for all of the ground floor structures, foundations and basements and for any other structures below ground level, including piling (temporary and permanent) in respect of that Development Phase, have been submitted to and approved in writing by the local planning authority, which: (i) accommodate the proposed location of the Thames Tideway Tunnel project’s structures and tunnels; and (ii) accommodate ground movement arising from the construction thereof. (b) The method statements to be submitted under part (a) of this condition shall include arrangements to ensure that for any period when construction of the Development hereby permitted and the project works are concurrent: (i) construction of the Thames Tideway Tunnel project works are not impeded; (ii) the Development shall be undertaken in accordance with the detailed design and method statements accepted by the local planning authority who will consult with Thames Water regarding their acceptability.",To ensure that no works undertaken adversely affect the safeguarded route of the Thames Tideway Tunnel.,local-authority:LEW
DC_15_092295-condition-46,Condition 46: Impact Piling,"No impact piling shall take place until a piling method statement (detailing the depth and type of piling to be undertaken and the methodology by which such piling will be carried out, including measures to prevent and minimise the potential for damage to subsurface water infrastructure, and the programme for the works) has been submitted to and approved in writing by the local planning authority in consultation with Thames Water. Any piling must be undertaken in accordance with the terms of the approved piling method statement.",To ensure that no works undertaken adversely affect the safeguarded route of the Thames Tideway Tunnel.,local-authority:LEW
DC_15_092295-condition-47,Condition 47: Piling operations,"Piling or any other foundation designs using penetrative methods shall not be permitted other than with the express written consent of the local planning authority, which may be given for those parts of the site where it has been demonstrated that there is no resultant unacceptable risk to groundwater. The development shall be carried out in accordance with the approved details.",To prevent pollution of controlled waters and to comply with Core Strategy (2011) Policy 11 River and waterways network and Development Management Local Plan (November 2014) DM Policy 28 Contaminated land.,local-authority:LEW
DC_15_092295-condition-48,Condition 48: Car parking,"(a) The Development shall provide not more than: - (i) 340 car parking spaces (including 108 for Blue Badge holders) for use by occupiers of residential units within the Development and their v isitors; (ii) 40 car parking spaces (including 8 spaces for Blue Badge holders) for use by occupiers of non-residential floorspace within the Development and their visitors; (b) All car parking spaces within the Development shall be reserved for and used only by vehicles of the occupiers or persons visiting premises at the Development; (c) Within 12 months of commencement of each Plot containing car parking, details of the allocation of the car parking spaces to the uses within that Plot must be submitted to the local planning authority for approval; (d) No Block shall be occupied until the car parking spaces associated with that Block have been provided in accordance with the details a s approved by the local planning authority in writing pursuant to part (c) of this condition and made available for use; (e) Once provided, all parking spaces shall be retained and used only as car parking as approved under this condition.","To ensure the permanent retention of the space(s) for parking purposes, to ensure that the use of the building(s) does not increase on-street parking in the vicinity and to comply with Policies 1 Housing provision, mix and affordability and 14 Sustainable movement and transport of the Core Strategy (June 2011), DM Policy 29 Car Parking of the Development Management Local Plan, (November 2014), and Table 6.2 of the London Plan (March 2015).",local-authority:LEW
DC_15_092295-condition-49,Condition 49: Cycle parking spaces,"(a) At least 2,095 cycle parking spaces shall be provided within the Development, as follows:- (i) 1961 cycle parking spaces solely for use by occupiers of dwellings within the Development and their visitors; and (ii) 134 cycle parking spaces solely for use by occupiers of non- residential floorspace within the Development and their visitors. (b) All cycle parking spaces within the Development shall be reserved for and used solely by cycles of the occupiers or persons visiting premises at the Development; (c) Within 12 months of commencement of any Plot, details of the allocation of cycle parking spaces to the uses within that Plot shall be submitted to the local planning authority for approval; (d) No Block shall be occupied until the cycle parking spaces associated with that Block have been provided in accordance with the details as approved by the local planning authority in writing pursuant to part (c) of this condition and made available for use; (e) Once provided, all cycle parking spaces shall be retained and used only as cycle parking as approved under this condition.",In order to ensure adequate provision for cycle parking and to comply with Policy 14: Sustainable movement and transport of the Core Strategy (2011).,local-authority:LEW
DC_15_092295-condition-50,Condition 50: Motorcycle parking spaces,"(a) At least 36 motorcycle parking spaces shall be provided within the Development for use by occupiers of residential units within the Development and their visitors; (b) All motorcycle parking spaces within the Development shall be reserved for and used solely by vehicles of the occupiers or persons visiting premises at the Development; (c) Within 12 months of commencement of any Plot, details of the allocation of motor cycle parking spaces to the uses within that Plot must be submitted to the local planning authority for approval; (d) No Block shall be occupied until the motorcycle parking spaces associated with that Block have been provided in accordance with the details as approved by the local planning authority in writing pursuant to part (c) of this condition and have been made available for use; (e) Thereafter such spaces shall be retained and used only as motorcycle parking as approved under this condition.","To ensure the permanent retention of the space(s) for parking purposes, to ensure that the use of the building(s) does not increase on-street parking in the vicinity and to comply with Policies 1 Housing provision, mix and affordability and 14 Sustainable movement and transport of the Core Strategy (June 2011), DM Policy 29 Car Parking of the Development Management Local Plan, (November 2014), and Table 6.2 of the London Plan (March 2015).",local-authority:LEW
DC_15_092295-condition-51,Condition 51: Parking Management,"No Block within the Development shall be occupied until a parking management plan which seeks to ensure that vehicles (including motorcycles) of those living or working at or visiting within that Block are parked within parking spaces provided within the Development and are not parked on non-designated parking areas within the Development has been submitted to and approved in writing by the local planning authority. The parking management plan shall provide for: a) The proposed regime for the operation and management of car, motorcycle and cycle parking within the Development; b) Monitoring and review of the operation of the parking management plan and for monitoring reports and reviews to be submitted to the Council on a regular basis; and c) details of a scheme to prioritise the provision of Blue Badge Parking Spaces to registered disabled persons who reside at the Development.","To ensure the permanent retention of the space(s) for parking purposes and to ensure that the use of the building does not increase on-street parking in the vicinity and to comply with Policy 14 Sustainable movement and transport of the Core Strategy (June 2011), DM Policy 12 Hotels, DM Policy 29 Car parking of the Development Management Local Plan (November 2014), and Table 6.2 of the London Plan (March 2015).",local-authority:LEW
DC_15_092295-condition-52,Condition 52: Non Road Mobile Machinery,An inventory of all Non Road Mobile Machinery (NRMM) shall be kept on-site and registered on http://nrmm.london/ showing the emission limits for all equipment and shall be made available to the local planning authority upon request. All NRMM of net power between 37kW and 560kW will be required to meet Stage IIIA of EU Directive 97/68/EC.,In order that the local planning authority may be satisfied that the development is not going to result in significant health impacts to existing and future residents from a deterioration in local air quality and to comply with Development Management Local Plan (November 2014) Policy 23 Air quality.,local-authority:LEW
DC_15_092295-condition-53,Condition 53: Construction Deliveries and Hours,No deliveries in connection with construction works shall be taken at or despatched from the site other than between the hours of 8 am and 6 pm on Mondays to Fridays and 8 am and 1 pm on Saturdays and not at all on Sundays or Public Holidays.,"In order to safeguard the amenities of adjoining occupants at unsociable periods and to comply with Paragraph 120 of the National Planning Policy Framework and DM Policy 26 Noise and Vibration, and DM Policy 32 Housing design, layout and space standards of the Development Management Local Plan (November 2014).",local-authority:LEW
DC_15_092295-condition-54,Condition 54: Delivery Service Plan,"(a) No Plot within the Development shall be occupied until a delivery service plan demonstrating how the number and time of delivery and servicing trips to that Plot (including refuse collections for the residential units and non-residential space) is to be rationalised with the aim of reducing the impact of servicing activity has been submitted to and approved in writing by the local planning authority; (b) Thereafter, all servicing in each Plot shall be carried out in accordance with the approved delivery service plan for that Plot.",In order to ensure satisfactory vehicle management and to comply with Policy 14 Sustainable movement and transport of the Core Strategy (June 2011).,local-authority:LEW
DC_15_092295-condition-55,Condition 55: Air Quality Assessment,"(a) 12 months prior to the installation of the CHP engines and boiler plant, an Air Quality Assessment (associated with the CHP engines and boiler plant) using the modelling approach outlined in Chapter 07 of the Environmental Statement and Addendum hereby approved shall be submitted to and approved in writing by the local planning authority. The assessment shall include full details of the abatement technology utilised to minimise emissions to air from the CHP engines and boiler plant; (b) The Air Quality Assessment to be submitted and approved under part (a) of this condition will need to utilise an appropriate air quality model and/or emissions assessment tool to predict air quality concentrations at agreed receptor locations. Within 18 months after the date of occupation, data will be submitted to the Local Planning Authority for the first year of occupation as ‘with development’ and ‘without development’; (c) The CHP and associated abatement (to be approved under part (a) of this condition) shall be installed in accordance with the approved details and shall thereafter be permanently maintained in accordance with the approved specification unless otherwise agreed in writing by the local planning authority; (d) A minimum of 1 no. CHP engine and associated abatement shall be installed not later than the date of first occupation of the 651st residential unit; (e) Whilst the CHP is running i.e. during winter months AND minimum of 3 months post practical completion of each CHP engine (commissioned and operational), a post monitoring report shall be submitted and approved in writing by the local planning authority confirming compliance with parts (a)-(c) within 15 months of the practical completion of the relevant CHP engine.","To improve air quality in the interest of safeguarding the health of the local population and to protect the amenities of adjoining premises in accordance with Policy 7.14 Improving air quality of the London Plan (2011), Policy 7 Climate change and adapting to the effects and Policy 9 Improving local air quality of the Core Strategy (June 2011) and to comply with Development Management Local Plan (November 2014) DM Policy 23 Air quality.",local-authority:LEW
DC_15_092295-condition-AA1,"Condition AA1: Where in these Conditions the following terms of expressions are used,","they shall have the meaning assigned: Block: a building shown with a number and letter on Plan 2 annexed to the Section 106 Agreement (a copy of which plan is attached to this permission) and ‘Blocks’ shall be construed accordingly. Development: The comprehensive redevelopment of land bounded by Oxestalls Road, Grove Street, Dragoon Road and Evelyn Street SE8, but excluding Scott House, 185 Grove Street (formerly known as Diploma Works) seeking outline planning permission (Phases 1-3) for the demolition of existing buildings on the site, excluding former Public House on Grove Street to facilitate the phased redevelopment of the site to provide up to 10,413 m2 (GEA) non-residential floorspace comprising (A1) Shops, (A2) Financial & Professional Services, (A3) Restaurants & Cafés, (A4) Drinking Establishments, (A5) Hot Food Takeaways, (B1) Business, (D1) Non-Residential Institutions and (D2) Assembly & Leisure uses and an energy centre and up to 1132 residential units in buildings ranging from 3 to 24 storeys in height, together with car and cycle parking, associated highway infrastructure, public realm works and provision of open space and detailed planning permission (Phase 1) for up to 562 residential units and up to 5,692 m2 (GEA) of non- residential floorspace comprising (A1) Shops, (A2) Financial & Professional Services, (A3) Restaurants & Cafés, (A4) Drinking Establishments, (A5) Hot Food Takeaways, (B1) Business, (D1) Non-Residential Institutions and (D2) Assembly & Leisure uses) in buildings ranging from 3 to 24 storeys in height, together with car and cycle parking, associated highway infrastructure, energy centre, public realm works and provision of open space. Development Area One: means Plots 1, 2 and 3. Development Phase: A phase of the Development as shown on the relevant Development Phase Plan submitted in accordance with condition 6(b). Each and every Development Phase shown on the respective Development Phase Plan submitted in accordance with condition 6 shall constitute a separate phase of the development authorised by this planning permission for the purposes of the Community Infrastructure Levy Regulations 2010 (as amended). A Development Phase may comprise any component works of the development and may either individually or collectively comprise infrastructure works; the Enabling Works; a Plot (or Plots), individual or multiple Blocks within Plots, and landscaping and infrastructure (including but not limited to drainage and utility infrastructure) or, in any case, part thereof. Development Phase Plan: a plan identifying the set of works to be comprised within each Development Phase submitted in accordance with condition 6(b), and the relevant land on which those works are to be carried out. Environmental Statement: means the Environmental Statement (ES) (submitted with the planning application in May 2015) together with the ES First Addendum (August 2015) and ES Second Addendum (September 2015). Enabling Works: demolition, site clearance, decommissioning, laying and diversion of other services and service media (but not extending to the laying of foundations for the Development), construction of temporary access and/or highway works to enable the carrying out of the development, archaeological investigations and digs, exploratory boreholes, ecological surveys, investigations or assessments, remediation works, site preparation, construction of boundary fencing or hoardings for the purposes of site security including construction of boundary fencing between Plots or Blocks or part thereof, erection of temporary facilities for security personnel and site staff and the erection of security cameras and the Stage One Enabling Works. Excluded Interest: any interest in the land in question which is held by the London Borough of Lewisham, or where the registered proprietor is the London County Council or the Greater London Council, or any interest which is unregistered at the date of this permission or any leasehold interest which has expired or been surrendered. GIA: gross internal area as measured in accordance with the Royal Institution of Chartered Surveyors Code of Measuring Practice (6th edition). Plot: all or any (as the context requires) of Plot 1, 2, 3, 4, 5 and/or 6. Plot 1: Plot 1 within the Development as shown on Approved Drawing HKB-DEPT-PA-06- SIT-001 Rev 02. Plot 2: Plot 2 within the Development as shown on Approved Drawing HKB-DEPT-PA-06- SIT-001 Rev 02. Plot 3: Plot 3 within the Development as shown on Approved Drawing HKB-DEPT-PA-06- SIT-001 Rev 02. Plot 4: Plot 4 within the Development as shown on Approved Drawing HKB-DEPT-PA-06- SIT-001 Rev 02. Plot 5: Plot 5 within the Development as shown on Approved Drawing HKB-DEPT-PA-06- SIT-001 Rev 02. Plot 6: Plot 6 within the Development as shown on Approved Drawing HKB-DEPT-PA-06- SIT-001 Rev 02. Public Access Area: means the public access areas within the Development as shown on Plan 3 attached to the Section 106 Agreement (a copy of which plan is attached to this permission). Section 106 Agreement: the agreement of even date with this permission and entered into between the Council (1) and Lend Lease Deptford Limited (2) pursuant to Section 106 of the Town and Country Planning Act 1990 (and other appropriate powers). Stage One Enabling Works: means the works approved pursuant to; (a) any works of demolition of the existing buildings shown shaded pink on drawing no. HKB-DEPT-S96A-SIT-001; (b) site clearance and site remediation works within the blue line boundary shown edged in blue on the drawing no. HKB-DEPT-S96A-SIT-003; (c) such other associated works necessitated by site clearance and remediation (including capping off, removal, laying or diversion of services) within the blue line boundary shown edged in blue on the drawing no. HKB-DEPT-S96A-SIT-003; (d) an earthworks Mass Balance Assessment V2 and drawing no. KELT-6013-MBPA-001 Rev A (prepared by Keltbray remediation) (e) a Preliminary Site Waste Management Plan dated June 2015 (Document Ref: 001 prepared by TRC Companies Ltd); (f) a Written Scheme of Investigation for an Archaeological Evaluation (Version 1) dated March 2015 (prepared by CGMS); (g) a Construction and Environmental Management Plan Revision 2 dated September 2015 (Document Ref: 0001 prepared by TRC Companies Ltd); (h) a Detailed Quantitative Risk Assessment dated June 2015 (prepared by TRC Companies Ltd); (i) a Factual Intrusive Ground Investigation Report dated June 2015 (prepared by TRC Companies Ltd); (j) an Outline Remediation Strategy dated June 2015 (prepared by TRC Companies Ltd).",,local-authority:LEW
DC_16_097629-condition-01,Condition 1: Time Limit,The development to which this permission relates must be begun not later than the expiration of six years beginning with the date on which the permission is granted.,As required by Section 91 of the Town and Country Planning Act 1990.,local-authority:LEW
DC_16_097629-condition-02,Condition 2: Develop in Accordance with the Approved Plans,"The development shall be carried out strictly in accordance with the application plans, drawings and documents hereby approved and as detailed below: A2605-1 R1, A2606-2 R1, A2605-3 R1, A2606-4 R1, A2605-101 R1, A2605-102 R1, A2605-110 R1, A2605-120 R1, A2605-200 R1, A2605-210 R3, A2605-211 R3, A2605-212 R3, A2605-213 R2, A2605-214 R1, A2605-216 R1, A2605-217 R3, A2605-218 R2, A2605-223 R1, A2605-225 R1, A2605-227 R1, A2605-229 R2, A2605-230 R1, A2605-234 R2, A2605-300 R1, A2605-301 R1, A2605-302 R2, A2605-400 R1, A2605-401 R1, A2605-402 R2, A2605-410 R2, A2605-411 R1, A2605-412 R1, A2605-413 R2, A2605-500 R1, A2605-520 R2, A2605-530 R1, A2605-540 R1, A2605-550 R1, A2605-570 R1, A2605-601A R1, A2605-601B R1, A2605-601C R1, A2605-601D R1, A2605-601E R1, A2605-601F R1, A2605-601G R1, A2605-601H R1, A2605-601I R2, A2605-601J R1, A2605-601K R1, A2605-601L R1, A2605-601M R1, A2605-601N R2, A2605-602A R1, A2605-602B R1, A2605-602C R1, A2605-602D R1, A2605-602E R2, A2605-602F R2, A2605-602G R2, A2605-602H R2, A2605-602I R2, A2605-602J R1, A2605-602K R2, A2605-602L R1, A2605-602M R1, A2605-602N R1, A2605-602P R2, A2605-602Q R2, A2605-602R R2, A2605-602S R1, A2605-602T R2, A2605-602V R2, A2605-602W R2, A2605-603A R1, A2605-603B R2, A2605-603C R2, A2605-603D R2, A2605-603E R1, A2605-603F R2, A2605-603G R2, A2605-603H R1, A2605-603I R2, A2605-603J R1, A2605-603K R2, A2605-603L R2, A2605-603M R2, A2605-603N R2, A2605-604T R2, A2605-651A R1, A2605-651C R1, A2605-652A R1, A2605-652B R1, A2605-653A R1, A2605-653B R1, A2605-653C R1, A2605-653D R1, A2605-653E R1 Ground level general arrangement 100 P04, Roof top general arrangement plan 103 P2, Site levels and gradients 104 P2, TfL and Lewisham Adoption Plan 106-5 D3, Street furniture relocation & redundant crossovers 110 i03. Application Form & Ownership Certificate, Arboricultural Impact Assessment, Arboriculture Report, Archaeological Desk-based Assessment, Artificial Lighting Assessment, CIL Additional Information Requirement Form, Construction Logistics Plan, Delivery and Servicing Plan, Design and Access Statement, Design and Access Addendum, Energy and Sustainability Assessment, Environmental Statement as amended (Volume 1: Main Report, Volume 2: Appendices, Volume 3: Appendix 5-A, Non-Technical Summary), Interim Travel Plan (Retail) Rev 2, Interim Travel Plan (Residential) Rev2, Planning Statement, Site Waste Management Plan, Statement of Community Involvement and Transport Assessment, Building Materials Outline Specification, Public Realm Materials Outline Specification, Flood Risk Assessment Rev 01.","To ensure that the development is carried out in accordance with the approved documents, plans and drawings submitted with the application and is acceptable to the local planning authority.",local-authority:LEW
DC_16_097629-condition-03,Condition 3: Restriction on commencement until interests bound,No development (other than the Enabling Works) shall be carried out under this permission on any land unless and until all legal and equitable interests in the land at 66-76 Loampit Vale have been bound by the provisions of the Section 106 Agreement and title in respect of such interests has been deduced to the local planning authority.,To avoid piecemeal Development across the site and to ensure that the Development does not commence until comprehensive Development of the site can be delivered in accordance with Policy LTC4 of the Lewisham Town Centre Local and further to ensure that all parts of the Site are appropriately bound by the planning obligation requirements relating to the Development.,local-authority:LEW
DC_16_097629-condition-04,Condition 4: Removal of Permitted Development Rights - Use Classes,"Notwithstanding the Town and Country Planning (General Permitted Development) Order 2015 (or any Order revoking, re-enacting or modifying that Order), the A1-A3, D1, D2 ‘commercial units’ hereby approved shall be used for uses falling within these use classes and for no other purposes of the Schedule to the Town and Country Planning (Use Classes) Order 1987, or in any provision equivalent to that Class in any statutory instrument revoking and re-enacting that Order.",To ensure that the development hereby permitted contributes positively to the vision for Lewisham Town Centre and the objectives for the Loampit Vale Policy Area as required by Policies LTC2 and LTC4 in the Lewisham Town Centre Local Plan (February 2014).,local-authority:LEW
DC_16_097629-condition-05,Condition 5: Shop Front Design,(a) Future shop front applications shall be in accordance with the ‘Lewisham Retail Park Shop Front Design Guide’ (set out in Section 7.12 in Design and Access Statement) (b) No development shall commence above 2nd floor level on site until plans and sectional details at a scale of 1:10 or 1:20 showing the proposed frontages to the commercial units have been submitted to and approved in writing by the local planning authority. (c) The development shall be constructed in full accordance with the approved details.,"In order that the local planning authority may be satisfied with the details of the proposal and to accord with Policy 15 High quality design for Lewisham of the Core Strategy (June 2011) and Development Management Local Plan (November 2014) DM Policy 19 Shop fronts, signs and hoardings.",local-authority:LEW
DC_16_097629-condition-06,Condition 6: Commercial Opening Hours,"The A1-A3, D1, D2 ‘commercial units’ hereby approved shall not be used other than between the hours of 07.00 and 23.00 on any day of the week.","In order to safeguard the amenities of the adjoining premises and the area generally and to comply with DM Policy 26 Noise and Vibration and DM Policy 32 Housing design, layout and space standards of the Development Management Local Plan (November 2014).",local-authority:LEW
DC_16_097629-condition-07,Condition 7: Noise break-out,"No music, amplified sound system or other form of loud noise (such as singing or chanting) shall be used or generated which is audible outside any of the A1-A3, D1, D2 ‘commercial units’ hereby approved.","To safeguard the amenities of the adjoining premises and the area generally and to comply with DM Policy 26 Noise and Vibration and DM Policy 32 Housing design, layout and space standards of the Development Management Local Plan (November 2014).",local-authority:LEW
DC_16_097629-condition-08,Condition 8: Ventilation,"(a)The specification of the appearance of and the equipment comprising a ventilation system which shall include measures to alleviate noise, vibration, fumes and odours (and incorporating active carbon filters, silencers and anti-vibration mountings where necessary) in respect of any A3 use of a Commercial Unit shall be submitted to and approved in writing by the local planning authority prior to first occupation of any Commercial Unit for A3 purposes. (b) No non-residential unit shall be first occupied for A3 purposes until the ventilation systems as approved under part (a) of this condition has been installed in that Commercial Unit in accordance with the plans and specification approved under the said part (a) and such ventilation systems shall thereafter be permanently retained and maintained in accordance with the approved specification.",To safeguard the amenities of the adjoining premises and the area generally and to comply with Policy 17 Restaurants and cafes (A3 uses) and drinking establishments (A4 uses) of the Development Management Local Plan (November 2014).,local-authority:LEW
DC_16_097629-condition-09,Condition 9: Screens to Amenity Space,"(a) Prior to occupation of any residential dwelling, full details of proposed screens around the edge of to the approved podium level garden and communal amenity area on Level 19 of Building A shall be submitted to and approved in writing by the local planning authority. (b) The approved screens for the podium garden shall be implemented before any residential dwelling is first occupied. (c) The approved screens for the amenity area on Building A shall be implemented before any residential dwelling in Building A is first occupied. (d) The approved screens shall be maintained thereafter",In order to protect the amenities of the future occupiers of the relevant residential dwellings.,local-authority:LEW
DC_16_097629-condition-10,Condition 10: Podium Garden Landscaping,"(a) Notwithstanding the generality of the details shown on Drawing A2605 212 R3, full details of the proposed hard and soft landscaping of the podium garden space hereby permitted shall be submitted to and approved in writing by the LPA within 6 months of commencement of development above slab level. (b) The approved hard and soft landscaping shall be implemented and thereafter retained in accordance with the approved details.","In order that the local planning authority may be satisfied as to the details of the proposal and to comply with Core Strategy Policy 12 Open space and environmental assets, Policy 15 High quality design for Lewisham of the Core Strategy (June 2011), and DM Policy 25 Landscaping and trees and DM Policy 30 Urban design and local character of the Development Management Local Plan (November 2014).",local-authority:LEW
DC_16_097629-condition-11,Condition 11: Garden Spaces and Public Realm Landscaped Areas,"Notwithstanding the generality of the details shown on Drawing A2605 210 R3, full details of the proposed hard and soft landscaping of the private garden spaces and public realm areas along Thurston Road hereby permitted shall be submitted to and approved in writing by the local planning authority within 6 months of commencement of development above slab level. The approved hard and soft landscaping shall be implemented and thereafter retained in accordance with the approved details.","In order that the local planning authority may be satisfied as to the details of the proposal and to safeguard the provision of a Bakerloo Line Extension in accordance with Core Strategy Policy 12 Open space and environmental assets, Policy 15 High quality design for Lewisham of the Core Strategy (June 2011), and DM Policy 25 Landscaping and trees, DM Policy 30 Urban design and local character of the Development Management Local Plan (November 2014) and Policies 6.1 and 6.2 of the London Plan 2016.",local-authority:LEW
DC_16_097629-condition-12,Condition 12: Open Space Management and Maintenance Plan,"(a) An Open Space Management & Maintenance Plan shall be submitted to and approved in writing by the Local Planning Authority at the same time as the Podium Garden Landscaping and Public Realm Landscaped Areas are submitted to and approved in writing by the Local Planning Authority within 6 months of commencement of development above slab level. These shall include management & maintenance and responsibilities for all communal play spaces/amenity spaces and all publicly accessible open spaces. (b) Once provided, these spaces shall be managed and maintained in accordance with the approved Plan.",To ensure that the podium garden and public realm landscaping areas are adequately managed in accordance with Policy 15 High quality design for Lewisham of the Core Strategy (June 2011) and DM Policy 25 Landscaping and trees in the Development Management Local Plan (November 2014).,local-authority:LEW
DC_16_097629-condition-13,Condition 13: External Materials - Buildings,"Buildings A to G shall be finished in those materials identified on Drawings A2605 500 R1, A2605 520 R2, A2605 530 R1, A2605 540 R1, A2605 550 R1 and A2605 570 R1 and page 25 of the Design and Access Statement Addendum (17 March 2017) and the Building Materials Outline Specification dated 06 October 2016 unless minor variations are otherwise approved in writing by the local planning authority.",In order that the local planning authority may be satisfied as to the external appearance of the proposal in accordance with Policy 15 High quality design for Lewisham of the Core Strategy (June 2011) and DM Policy 30 Urban design and local character of the Development Management Local Plan (November 2014) and Policies 7.4 Local character and 7.6 Architecture of the London Plan 2016.,local-authority:LEW
DC_16_097629-condition-14,Condition 14: External Materials - Buildings (Details and Samples),"No development shall commence on site until a detailed schedule, drawings and samples of the following have been submitted to and approved in by the local planning authority. The development shall be carried out in accordance with the approved details. (i) 1m x 1m sample panel to be constructed on site each proposed brick type for all buildings. Details of mortar are to be provided. The brick type shall accord with the materials as set out in the Building Materials Outline Specification dated 06 October 2016. (ii) 1m x 1m sample panels of bricks. Details of mortar are to be provided. (iii) Samples of all windows, including joinery and fixing. (iv) All glazed and metal balustrade for balconies including details of fixing and handrails where applicable. (v) Samples of cladding to all balconies, including soffit finish and provision to handle rainwater. (vi) Samples of perforated metal sheets at ground and first floor along Thurston Road Boundary treatment details of Thurston Road frontage. (vii) Detailed elevation and section drawings at 1:5 of the grills to the ground floor car parking areas and Town House storage areas.",In order that the local planning authority may be satisfied as to the external appearance of the proposal in accordance with Policy 15 High quality design for Lewisham of the Core Strategy (June 2011) and DM Policy 30 Urban design and local character of the Development Management Local Plan (November 2014) and Policies 7.4 Local character and 7.6 Architecture of the London Plan (2016).,local-authority:LEW
DC_16_097629-condition-15,Condition 15: Secure by Design,No part of the development hereby approved shall be first occupied until certification that the development has achieved Secure by Design accreditation has been submitted to and approved in writing by the local planning authority.,To ensure that the local planning authority may be satisfied that the proposal reduces opportunities for criminal behaviour and makes a positive contribution to a sense of security and to comply with Policy 15 High quality design for Lewisham of the Core Strategy (June 2011) DM Policy 30 Urban design and local character of the Development Management Local Plan (November 2014) and Policy 7.3 Designing out crime of the London Plan (2016).,local-authority:LEW
DC_16_097629-condition-16,Condition 16: Satellite Dishes,"Notwithstanding the Provisions of Article 4 (1) and part 25 of Schedule 2 of the Town and Country Planning (General Permitted Development) Order 2015, no satellite antenna shall be erected or installed on the building hereby approved. The proposed development shall have a central dish or aerial system for receiving all broadcasts for the residential units created: details of such a scheme shall be submitted to and approved by the local planning authority prior to the occupation of the property, and the approved scheme shall be implemented and permanently retained thereafter.",In order that the local planning authority may be satisfied with the details of the proposal and to accord with Policy 15 High quality design for Lewisham of the Core Strategy (June 2011) and DM Policy 30 Urban design and local character of the Development Management Local Plan (November 2014).,local-authority:LEW
DC_16_097629-condition-17,Condition 17: Accessible Housing,"(a) The detailed design for each dwelling hereby approved shall meet the required standard of the Approved Document M of the Building Regulations (2015) as specified in the schedule below: Unit reference number Approved Document M Dwelling type (2015) Access Requirement List all Market tenure M4(3)(2)(a) Wheelchair user wheelchair units: (adaptable) B-2-2, B-2-5, B-3-2, B-3-5, B-4-2, B-4-5, B-5-2, B-5-5, B-6-2, B-6-5, B-7-6, B-8-6, B-9-6, B-10-6, B-11-7, B-12-6, B-13-6, B-14-6, C-2-1, C-2-2, C-7-1, C-8-1, D-2-5, D-3-7, D-4-7, D-5-7, D-6-7, E-2-4, E-3-4, E-4-4, E-5-4, E-6-4 and E-7-4. List all Social Rented M4(3)(2)(b) Wheelchair user (on wheelchair units: completion) F-2-1, F-2-7, F-3-1, F-3-7, F-4-1, F-4-7, F-5-1, F-5-7, F-6-1, F-6-7, F-7-1, F-7-7, F-8-6, F-9-6, F10-6 and F-11-6. List all Shared Ownership M4(3)(2)(a) Wheelchair user wheelchair units: F-12-6, (adaptable) F-13-6, F-14-6, F-15-6 and F-16-6. All other units M4(2) Accessible and (b) No development shall commence above ground level until written confirmation from the appointed building control body has been submitted to and approved in writing by the local planning authority to demonstrate compliance with part (a). (c) The development shall be carried out in accordance with the details approved under part (b).","To ensure that there is an adequate supply of wheelchair accessible housing in the Borough in accordance with Policy 1 Housing provision, mix and affordability and Policy 15 High quality design for Lewisham of the Core Strategy (June 2011) and DM Policy 32 Housing design, layout and space standards of the Development Management Local Plan (November 2014).",local-authority:LEW
DC_16_097629-condition-18,Condition 18: Air Quality,(a) The boilers to be provided for space heating and domestic hot water shall have ‘ultra-low’ dry NOx emissions not exceeding 40 mg/kWh. (b) The CHP unit to be provided shall comply with the emissions standards for ‘Band B’ as set out in the Mayor of London’s Sustainable Design and Construction SPG (2014). (c) Air intake points for the ventilation of dwellings shall be submitted to and approved in writing by the local planning authority before any dwelling is first occupied. Intake points shall thereafter be implemented and maintained in the approved locations.,To prevent an increase in local problems of air quality within an Air Quality Management Areas (AQMAs) as required by London Plan Policy 7.14 and DM Policy 28.,local-authority:LEW
DC_16_097629-condition-19,Condition 19: Protection Against External Noise - Buildings,"(a) (i) The residential units herby approved shall be designed so as to provide sound insulation against external noise and vibration, to achieve levels not exceeding 30dB LAeq (night) and 45dB LAmax for bedrooms, 35dB LAeq (day) for other habitable rooms, with windows shut and other means of ventilation provided; (a) (ii) The evaluation of human exposure to vibration within the buildings shall not exceed the vibration dose values criteria ‘Low probability of adverse comment’ as defined BS6472. (b) Development of residential units in any Block shall not commence until details of a sound and vibration insulation scheme complying with part (a)(i), (ii)and (iii) of this condition and a Mechanical Ventilation and Heat Recovery (MVHR) system for that Block have been submitted to an approved in writing by the local planning authority. (c) The residential units in a particular Block shall not be occupied until the sound and vibration insulation scheme and MVHR system approved pursuant to part (b) of this condition for that Block has been implemented in its entirety. Thereafter, the sound and vibration insulation scheme shall be permanently maintained in accordance with the approved details.","To safeguard the amenities of the occupiers of the proposed dwellings and to comply with DM Policy 26 Noise and vibration, DM Policy 32 Housing design, layout and space standards of the Development Management Local Plan (November 2014).",local-authority:LEW
DC_16_097629-condition-20,Condition 20: Protection Against External Noise - Amenity Spaces,The design and specification of the screens required to the podium level garden and all communal amenity areas hereby approved shall ensure that noise levels in these spaces shall not exceed 55dB LAEQT.,"To safeguard the amenities of the occupiers of the proposed dwellings and to comply with DM Policy 26 Noise and vibration, DM Policy 32 Housing design, layout and space standards of the Development Management Local Plan (November 2014).",local-authority:LEW
DC_16_097629-condition-21,Condition 21: Fixed Plant Noise Control,"(a) The rating level of the noise emitted from fixed plant on the site shall be 5dB below the existing background level at any time. The noise levels shall be determined at the façade of any noise sensitive property. The measurements and assessments shall be made according to BS4142:2014. (b)Other than demolition, site clearance and ground works, development shall not commence until details of a scheme complying with part (a) of this condition have been submitted to and approved in writing by the local planning authority. (c) The development shall not be occupied until the scheme approved pursuant to part (b) of this condition has been implemented in its entirety. The scheme as approved shall be permanently retained thereafter.","To safeguard the amenities of the occupiers of the proposed dwellings and to comply with DM Policy 26 Noise and vibration, DM Policy 32 Housing design, layout and space standards of the Development Management Local Plan (November 2014).",local-authority:LEW
DC_16_097629-condition-22,Condition 22: External Lighting,"Prior to first occupation of the development, a scheme for any external lighting that is to be installed at the site, including measures to prevent light spillage, shall be submitted to and approved in writing by the local planning authority and such details shall include evidence to demonstrate that the proposed lighting is the minimum needed for security and working purposes and that the proposals minimise pollution from glare and spillage, following the Institute of Lighting Engineer’s guidance and shall not exceed 2 lux at any window of a habitable room. Any such approved external lighting shall be installed in accordance with the scheme approved under part (a) of this condition and shall thereafter only be retained in accordance with the scheme approved under the said part (a).",In order that the local planning authority may be satisfied that the lighting is installed and maintained in a manner which will minimise possible light pollution to the night sky and neighbouring properties and to comply with DM Policy 27 Lighting of the Development Management Local Plan (November 2014).,local-authority:LEW
DC_16_097629-condition-23,"Condition 23: Car Parking Spaces, Disabled Car Parking Spaces and Electric Vehicle Charging Points","Points (a) Prior to first occupation of the development, plans shall be submitted to and approved in writing by the local authority showing the location of the general car parking bays (28 for non-residential uses), disabled car parking bays (54 for the residential dwellings and 3 for non-residential uses) and electric vehicle charging points (11 for the residential dwellings with passive provision for a further 11 spaces for the residential dwellings and 3 for the non-residential uses with passive provision for a further 3-4 spaces for the non-residential uses). (b) The approved parking arrangements shall be implemented and made ready for use prior to the first occupation of the development.","To reduce pollution emissions in an Area Quality Management Area in accordance with Policy 6.13 and 7.14 of the London Plan (March 2016), and DM Policy 29 Car parking of the Development Management Local Plan (November 2014).",local-authority:LEW
DC_16_097629-condition-24,Condition 24: Cycle Parking Spaces,"(a) Prior to first occupation of the development, plans shall be submitted to and approved in writing by the local authority identifying the location and details of the long and short stay residential (minimum 880 long-stay and 13 short-stay) and retail cycle parking (minimum 25 long-stay and 109 short-stay) and adapted cycle parking spaces and the locations of showers and lockers for employees of the retail units arriving by bicycle. (b) The approved parking arrangements shall be implemented and made ready for use prior to the first occupation of the development.","To accord with Policy 14 Sustainable movement and transport in the Lewisham Core Strategy (June 2011), Policy 6.13 of the London Plan (March 2016) and DM Policy 29 section 6 of the Development Management Local Plan (November 2014).",local-authority:LEW
DC_16_097629-condition-25,Condition 25: Parking Managment Plan,"(a) Prior to the first occupation of the development, a Parking Management Plan shall be submitted to and approved in writing by the local authority. The Management Plan shall include details of: (i) Allocation and management of car, motorcycle and cycle parking spaces within the development (iii) Measures taken to control the length of stay within the commercial car parking area (with customers of businesses in the development being able to park their car in one of the customer car parking spaces for up to 2 hours at no charge. (b) The car and cycle parking spaces shall only be operated in accordance with an approved Parking Management Plan",To manage car and cycle parking in accordance with London Plan Policy 6.13 and DM Policy 29 Car parking of the Development Management Local Plan (November 2014) and to reduce pollution emissions in an Area Quality Management Area in accordance with Policy 7.14 Improving air quality in the London Plan (July 2011).,local-authority:LEW
DC_16_097629-condition-26,Condition 26: Delivery and Servicing Managment Plan,"Prior to the first occupation of the development, a Delivery and Servicing Management Plan, including the proposed location of delivery and service areas, shall be submitted to and approved in writing by the local authority, to include details of how deliveries and servicing will be effectively managed at the development bays and any required changes to parking restrictions surrounding the development.",In order to ensure satisfactory vehicle management and to comply with Policy 14 Sustainable movement and transport of the Core Strategy (June 2011) and Policy 6.3 of the London Plan (March 2016).,local-authority:LEW
DC_16_097629-condition-27,Condition 27: Restriction of Size of Vehicles Servicing the Development,"No vehicle entering the development shall have a length greater than 10.00 metres, and width greater than 2.50 metres and a height greater than 3.645 metres.",In the interests of highway safety and to ensure all vehicles entering the development can manoeuvre safely within the development and exit in forward gear.,local-authority:LEW
DC_16_097629-condition-28,Condition 28: Visibility Splays,"Prior to the first occupation of the development, plans shall be submitted to and approving in writing by the local authority to show details of vehicle and pedestrian visibility splays at the proposed vehicular accesses and shall be subsequently maintained clear of any obstruction over 0.6 metres above footway level. For the avoidance of doubt, vehicle splays should be a minimum of 2.4 by 43.0 metres and pedestrian intervisibliity splays should be a minimum of 2.0 by 2.0 metres",In the interests of highway safety,local-authority:LEW
DC_16_097629-condition-29,Condition 29: Safeguarding Bakerloo Line Extension,Prior to the commencement of the development a method statement shall be submitted to and approved in writing by the local authority to demonstrate to the local planning authority’s satisfaction that detailed arrangements for the construction and operation of the development hereby permitted shall not impede the future construction and operation of a Bakerloo Line Extension to and through Lewisham Town Centre.,To safeguard the provision of a Bakerloo Line Extension and accord with Policy 14 Sustainable movement and transport in the Lewisham Core Strategy (June 2011) Policies 6.1 and 6.2 of the London Plan (2016).,local-authority:LEW
DC_16_097629-condition-30,Condition 30: DLR Radio Communications,"(a) A ‘pre’ and ‘post development Radio Communications Survey Report shall be submitted to and approved in writing by the local planning authority, in consultation with Transport for London, within 3 months of completion of development. The Report shall set out an assessment of the level of any impact the development has on the strength of DLR radio signals and identify any necessary mitigation measures (including signal boosters). (b) Any identified necessary mitigation measures shall be implemented within 6 months of the Report being approved.",To ensure that the proposed development does not compromise the safe and effective operation of the DLRL network.,local-authority:LEW
DC_16_097629-condition-31,Condition 31: Highway Mitigation/ Public Realm,"No development shall commence until such time as the developer has entered into a Highways Agreement with the Highway Authority to secure the implementation of following highway mitigation works: (a) Modifications to waiting and loading and car parking restrictions to facilitate scheme, including relocation of bus stand on Jerrard Street and converting Red Route parking bay on Jerrard Street to a loading bay; (b) Provision of on-street cycle parking spaces; (c) Provision of 2 x on-street car club parking bays; (d) Tying in new site boundary with existing public highway and creation of two new accesses; (e) Removal of redundant vehicle accesses and replacement with footway/cycleway as appropriate (5 redundant cross overs as shown on Drawing 15.545.110 October 2016); (f) Removal and relocation of existing signalling junction boxes, telephone box and air monitoring equipment within Loampit Vale public highway (as shown on Drawing 15.545.110 October 2016); (g) Improvement works to the footways on Loampit Vale, Jerrard Street and Thurston Road, including setting back development boundaries to achieve footway widths to a minimum of 8 metres on the Loampit Vale frontage (taking account of TfL proposals for carriageway widening) and minimum of 6 metres on the Jerrard Street and Thurston Road frontages; (h) Adoption by TfL of Loampit Vale footway up to the approved new back of highway; (i) Stopping up of redundant highway land on Loampit Vale; and (j) Improved pedestrian/cycle crossing point at Jerrard Street/Thurston Road junction.",To ensure an acceptable standard of development in accordance with Policies DM Policy 35 Public realm of the Development Management Local Plan (November 2014) and Policies LTC18 Public realm and LTC21 Sustainable transport of the Lewisham Town Centre Local Plan (February 2014).,local-authority:LEW
DC_16_097629-condition-32,Condition 32: Flood Risk,The ground floor of the non-residential units and residential lobby and storage areas hereby approved shall incorporate ‘flood resilient’ features as set out in the Lewisham Retail Park Flood Risk Assessment Revision 01.,To ensure that development is resilient to flooding in accordance with Policies 5.12 Flood risk management and 5.13 Sustainable drainage in the London Plan (2016) and Objective 6: Flood risk reduction and water management and Core Strategy Policy 10: Managing and reducing the risk of flooding (2011).,local-authority:LEW
DC_16_097629-condition-33,Condition 33: Drainage,"The Foul and Surface Water Drainage Strategy (Ref 034682 dated 15 July 2016) shall be implemented in full before any residential dwelling hereby approved is first occupied. No drainage systems for the infiltration of surface water drainage in to the ground are permitted other than with the express written consent of the Local Planning Authority, in consultation with the Environment Agency, which may be given for those parts of the site where it has been demonstrated that there is no resultant unacceptable risk to controlled waters. Any such approved drainage systems shall be carried out in accordance with the approved details.","To prevent the increased risk of flooding, to improve water quality and to ensure that drainage does not present a contamination risk to groundwater in accordance with Policies 5.12 Flood risk management and 5.13 Sustainable drainage in the London Plan (2016) and Objective 6: Flood risk reduction and water management and Core Strategy Policy 10: Managing and reducing the risk of flooding (2011) and to comply with Development Management Local Plan (November 2014) DM Policy 28 Contaminated land.",local-authority:LEW
DC_16_097629-condition-34,Condition 34: Living Roofs,"(a)Within 6 months of commencement of development above slab level, details of the biodiversity living roof which shall allow for a substrate depth of 150 mm and shall be designed to support a water load of 12litres/m2 (=12kg/m2) and a soil load of 150mm depth minimum (circa 225kg/m2) shall be submitted to and approved in writing by the LPA. (b) The biodiversity living roof shall be laid out in accordance with Plan no. A2605 234 R1 approved under Condition 2 and provided in accordance with the details approved under part (a) of this condition and such biodiversity living roof shall thereafter be permanently retained and maintained in accordance with the approved details. (c)The biodiversity living roof shall not be used as an amenity or sitting out space of any kind whatsoever and shall only be used in the case of essential maintenance or repair, or escape in case of emergency.","To comply with Policies 5.10 Urban greening, 5.11 Green roofs and development site environs, 5.12 Flood risk management, 5.13 Sustainable Drainage and 7.19 Biodiversity and access to nature conservation in the London Plan (2016), Policy 10 managing and reducing flood risk and Policy 12 Open space and environmental assets of the Core Strategy (June 2011), and DM Policy 24 Biodiversity, living roofs and artificial playing pitches of the Development Management Local Plan (November 2014).",local-authority:LEW
DC_16_097629-condition-35,Condition 35: Ecology,"(a) Prior to above ground works, a Habitat Creation Management Plan (BCMP) shall be submitted to and approved in writing by the Local Planning Authority and include (i) Planting of trees and shrubs at podium level, covering a variety of species, including those of benefit to wildlife; (ii) The provision of ‘wild’ and diverse areas planted with a range of native wildflower species attractive to invertebrates; (iii)Installation of 10 bird boxes of various sizes to cover a range of local species; and (iv) Installation of peregrine nest box on top of Building A. (b) Approved details are to be implemented and maintained as approved.","To comply with Policy 7.19 Biodiversity and access to nature conservation in the London Plan (2016), Policy 12 Open space and environmental assets of the Core Strategy (June 2011), and DM Policy 24 Biodiversity, living roofs and artificial playing pitches and local character of the Development Management Local Plan (November 2014).",local-authority:LEW
DC_16_097629-condition-36,Condition 36: Contaminated Land,"(a) No development (including demolition of existing buildings and structures, except where prior agreement with the Council for site investigation enabling works has been received) shall commence until: - (i) A desk top study and site assessment to survey and characterise the nature and extent of contamination and its effect (whether on or off-site) and a conceptual site model have been submitted to and approved in writing by the local planning authority in consultation with the Environment Agency. (ii) A site investigation report to characterise and risk assess the site which shall include the gas, hydrological and contamination status, specifying rationale; and recommendations for treatment for contamination encountered (whether by remedial works or not) has been submitted, (including subsequent correspondences as being necessary or desirable for the remediation of the site) to and approved in writing by the Council, in consultation with the Environment Agency. (b) The remediation scheme approved under Part (a) shall be implemented in full. (c) If during any works on the site, contamination is encountered which has not previously been identified (“the new contamination”) the Council shall be notified immediately and the terms of paragraph (a), shall apply to the new contamination. No further works shall take place on that part of the site or adjacent areas affected, until the requirements of paragraph (a) have been complied with in relation to the new contamination. (d) The development shall not be occupied until a closure report for the development has been submitted to and approved in writing by the Council, in consultation with the Environment Agency. This shall include verification of all measures, or treatments as required in (Section (a) i & ii) and relevant correspondence (including other regulating authorities and stakeholders involved with the remediation works) to verify compliance requirements, necessary for the remediation of the site have been implemented in full. (d) The closure report shall include verification details of both the remediation and post-remediation sampling/works, carried out (including waste materials removed from the site); and before placement of any soil/materials is undertaken on site, all imported or reused soil material must conform to current soil quality requirements as agreed by the authority. Inherent to the above, is the provision of any required documentation, certification and monitoring, to facilitate condition requirements.","To ensure that the local planning authority may be satisfied that potential site contamination is identified and remedied in view of the historical use(s) of the site, which may have included industrial processes and for the protection of controlled waters and to comply with Development Management Local Plan (November 2014) DM Policy 28 Contaminated land.",local-authority:LEW
DC_16_097629-condition-37,Condition 37: Energy and Efficiency - New Homes,"The residential units hereby approved shall achieve the following energy efficiency and water efficiency standards: i) Energy efficiency - a 37.2% improvement in the Dwelling Emission Rate over the Target Emission Rate as defined in Part L1A of the 2010 Building Regulations (as amended). (ii) Water efficiency - The sanitary fittings within each residential dwelling shall include low water use WCs, shower taps, baths and (where installed by the developer) white goods to comply with an average household water consumption of less than 105 litres/person/day.","To comply with Policies 5.1 Climate change and mitigation, 5.2 Minimising carbon dioxide emissions, 5.3 Sustainable design and construction, 5.7 Renewable energy, 5.15 Water use and supplies in the London Plan (2016) and Core Strategy Policy 7 Climate change and adapting to the effects, Core Strategy Policy 8 Sustainable design and construction and energy efficiency (2011).",local-authority:LEW
DC_16_097629-condition-38,Condition 38: BREEAM,"(a) The buildings hereby approved shall achieve a minimum BREEAM Rating of ‘Excellent’. (b) No development shall commence until a Design Stage Certificate for each building (prepared by a Building Research Establishment qualified Assessor) has been submitted to and approved in writing by the local planning authority to demonstrate compliance with part (a). (c) Within 3 months of occupation of any of the buildings, evidence shall be submitted in the form of a Post Construction Certificate (prepared by a Building Research Establishment qualified Assessor) to demonstrate full compliance with part (a) for that specific building.","To comply with Policies 5.1 Climate change and mitigation, 5.2 Minimising carbon dioxide emissions, 5.3 Sustainable design and construction, 5.7 Renewable energy, 5.15 Water use and supplies in the London Plan (2016) and Core Strategy Policy 7 Climate change and adapting to the effects, Core Strategy Policy 8 Sustainable design and construction and energy efficiency (2011).",local-authority:LEW
DC_16_097629-condition-39,Condition 39: Archaeology,"(a) No development other than demolition to existing ground level shall take place until the applicant (or their heirs and successors in title) has secured the implementation of a programme of archaeological evaluation site work in accordance with a Written Scheme of Investigation which has been submitted by the applicant and approved by the local planning authority in writing. (b) Under Part (a), the applicant (or their heirs and successors in title) shall implement a programme of archaeological evaluation in accordance with a Written Scheme of Investigation. (c) A report of the evaluation results will be submitted for approval by the local planning authority which will be given in writing. (d) Dependent upon the results presented under Part (c), no development other than demolition to existing ground level shall take place until the applicant (or their heirs and successors in title) has secured the implementation of a programme of archaeological mitigation site work in accordance with a Written Scheme of Investigation which has been submitted by the applicant and approved by the local planning authority in writing. (e) Under Part (d), the applicant (or their heirs and successors in title) shall implement a programme of archaeological mitigation in accordance with a Written Scheme of Investigation. (f) The site investigation and post-investigation assessment will be completed prior to one year post the completion date of the development as defined by the borough building regulation officer, in accordance with the programme set out in the Written Scheme of Investigation approved under Parts (a) and (d), and the provision for post investigation assessment, analysis, of the results and archive deposition has been secured.","To conserve, protect and enhancement the archaeological heritage of Lewisham in accordance with Development Management Local Plan (November 2014) DM Policy 37 Non-designated heritage assets including locally listed buildings, areas of special local character and areas of archaeological interest.",local-authority:LEW
DC_16_097629-condition-40,Condition 40: Site Waste Management Plan,"Demolition and construction activities shall be carried out in accordance with the Lewisham Retail Park Site Waste Management Plan (034682, 15 July 2016).","To minimise the generation of and increase recovery of demolition and construction waste and to comply with Policy 5.18 Construction, excavation and demolition waste of the London Plan (2016).",local-authority:LEW
DC_16_097629-condition-41,Condition 41: Construction Environment Management Plan,"(a) Development shall not commence until such time as a Construction Environmental Management Plan (CEMP) has been submitted to and approved in writing by the local planning authority. The plan shall cover: - (i) Dust mitigation measures in the form of a Dust Management Plan and include communications, site management and monitoring arrangements specified in section 10.4.3 of the Environmental Statement. (ii) The location and operation of plant and wheel washing facilities (iii) Details of best practical measures to be employed to mitigate noise and vibration arising out of the construction process (iv) Security Management (to minimise risks to unauthorised personnel). (v) Details of the training of site operatives to follow any Environmental Management Plan requirements (vi) Timing and methodology for removal of trees and buildings (minimising impact on any nesting birds) (vii) Control of removal of cotoneaster (‘Coral Beauty’) (viii) Pollution of water/ flood risk (ix) Unexploded Ordnance survey (b) No works shall be carried out other than in accordance with the Construction Management Plan as approved under part (a) of this condition","In order that the local planning authority may be satisfied that the demolition and construction process is carried out in a manner which will minimise possible noise, disturbance and pollution to neighbouring properties and to comply with Policy 5.3 Sustainable design and construction, Policy 6.3 Assessing effects of development on transport capacity and Policy 7.14 Improving air quality of the London Plan (2016).",local-authority:LEW
DC_16_097629-condition-42,Condition 42: Piling,"(a) No piling or any other foundation designs using penetrative methods shall take place, other than with the prior written approval of the local planning authority, following consultation with Thames Water and the Environment Agency. (b) Details of any such operations referred to in part (a) of this condition must be submitted to and approved in writing by the local planning authority prior to commencement of any piling works and such details shall include details of the relevant penetrative methods. (c) Any such operations referred to in part (a) of this condition shall be carried out only in accordance with the details approved under part (b) of this condition.",To prevent pollution of controlled waters and to comply with Core Strategy (2011) Policy 11 River and waterways network and Development Management Local Plan (November 2014) DM Policy 28 Contaminated land.,local-authority:LEW
DC_16_097629-condition-43,Condition 43: Non-Road Mobile Machinery (NRMM),An inventory of all Non-Road Mobile Machinery (NRMM) shall be kept on-site and registered on http://nrmm.London/ showing the emission limits for all equipment and shall be made available to Local Planning Authority offices if required. All NRMM of net power between 37kW and 560kW will be required to meet Stage IIIA of EU Directive 97/68/EC.’,"In order that the local planning authority may be satisfied that the demolition and construction process is carried out in a manner which will minimise possible noise, disturbance and pollution to neighbouring properties and to comply with Policy 5.3 Sustainable design and construction, Policy 6.3 Assessing effects of development on transport capacity and Policy 7.14 Improving air quality of the London Plan (2016).",local-authority:LEW
DC_16_097629-condition-44,Condition 44: Construction Logistics Plan,(a) No development shall commence on site until an updated Construction Logistics Management Plan has been submitted to and approved in writing by the Local Planning Authority. The Plan shall demonstrate the following: - · Rationalise travel and traffic routes to and from the site. · Provide full details of the number and time of construction vehicle trips to the site with the intention and aim of reducing the impact of construction vehicle activity on road traffic and residential amenity by · Minimising trips to and from the site between 08.00 and 09.00 and 15.00 and 18.00 during Prendergast Vale School term times and 08.00 and 09.00 and 17.00 and 18.00 during school holidays; · Traffic marshalling and off/on site holding areas; and · Taking account of delivery times of any other construction sites within 500m of the site which are due to be active at the same time. · Measures to deal with safe pedestrian movement. · Full details of how the cycle and pedestrian networks on Thurston Road and at the Thurston Road/Jerrard Street junction are to be maintained · Construction staging and how this will impact on access/egress arrangements and avoid adverse impact on bus operations on Jerrard Street and Thurston Road. (b) The measures specified in the approved details shall be implemented prior to commencement of development and shall be adhered to during the period of construction.,"In order to ensure satisfactory vehicle management and to comply with Policy 14 Sustainable movement and transport of the Core Strategy (2011), and Policy 5.3 Sustainable design and construction, Policy 6.3 Assessing effects of development on transport capacity and Policy 7.14 Improving air quality of the London Plan (2016).",local-authority:LEW
DC_16_097629-condition-45,Condition 45: Construction - Deliveries and Hours of Working,"No work, other than vehicle movements to and from the site in accordance with an approved Construction Logistics Management Plan, shall take place on the site other than between the hours of 08.00 and 18.00 on Mondays to Fridays and 08.00 and 13.00 on Saturdays and not at all on Sundays or Public Holidays.",In order to ensure satisfactory vehicle management and to comply with Policy 14 Sustainable movement and transport of the Core Strategy (June 2011).,local-authority:LEW
DC_16_097629-condition-46,Condition 46: Tree Protection,"No development shall commence until a Tree Protection Plan (TPP) in respect of the existing trees to be retained along Loampit Vale and Thurston Road has been submitted to and approved in writing by the local planning authority. The TPP shall follow the recommendations set out in BS 5837:2012 (Trees in relation to design, demolition and construction – Recommendations). The TPP shall also clearly indicate on a dimensioned plan superimposed on the building layout plan and in a written schedule details of the location and form of protective barriers to form a construction exclusion zone, the extent and type of ground protection measures, and any additional measures needed to protect vulnerable sections of trees and their root protection areas where construction activity cannot be fully or permanently excluded.","To safeguard the health and safety of trees during building operations and the visual amenities of the area generally and to comply with Policy 12 Open space and environmental assets of the Core Strategy (June 2011), and DM Policy 25 Landscaping and trees and DM Policy 30 Urban design and local character of the Development Management Local Plan (November 2014).",local-authority:LEW
DC_16_097629-condition-47,Condition 47: External Pipework,"Notwithstanding the Town and Country Planning (General Permitted Development) Order 2015 (or any Order revoking, re-enacting or modifying that Order), no plumbing or pipes, including rainwater pipes, shall be fixed on the external facades of any building hereby approved.",In order that the local planning authority may be satisfied with the details of the proposal and to accord with Policy 15 High quality design for Lewisham of the Core Strategy (June 2011) and DM Policy 30 Urban design and local character of the Development Management Local Plan (November 2014).,local-authority:LEW
con01,Condition 1,The development hereby permitted shall only be carried out in all respects in accordance with proposals contained in the application and the plans hereby approved or as shall have been otherwise approved in writing by the Local Planning Authority.,To ensure that the development is carried out in full accordance with the plans and particulars hereby approved.,local-authority:HCK
con02,Condition 2,"Details of the (i) Access, (ii) Appearance, (iii) Landscaping, (iv) Layout and (v) Scale (as defined by the Town and Country Planning (General Development Procedure) Order 1995 (as amended) (hereinafter called ""the Reserved Matters"") for each phase of development shall be submitted to and approved in writing by the Local Planning Authority before each phase of development commences. Each phase of development shall be carried in accordance with the Reserved Matters as approved, unless otherwise agreed in writing by the Local Planning Authority.",To ensure that the Local Authority is satisfied with the details of the proposed development.,local-authority:HCK
con03,Condition 3,"Applications for approval of the Reserved Matters of the first phase of development shall be made to the Local Planning Authority not later than THREE years from the date of this permission. Applications for approval of the Reserve Matters of the final phase of development shall be made to the Local Planning Authority not later than TEN years from the date of this permission. The first phase and final phase of the development hereby permitted shall begin not later than TWO years from the date of approval of the last of the reserved matters to be approved, or, in the case of approval on different dates, the final approval of the last such matter to be approved.",To comply with Section 92 of the Town and Country Planning Act 1990.,local-authority:HCK
con04,Condition 4,"Prior to commencement of development a Phasing Plan shall be submitted to and approved in writing by the Local Planning Authority. The phasing of the development shall be carried out in accordance with the approved phasing plan, unless an alternative phasing plan is first submitted to the Local Planning Authority with an assessment of any effects, including any different impacts on the environment, and that alternative plan and assessment is approved by the Local Planning Authority pursuant to this condition.","To ensure that the proposed development is carried out in accordance with the planning permission and scheme of works, and to avoid any detriment to the comprehensive development and to amenity and any harm to the interests of highway safety that may be caused by any phase remaining uncompleted.",local-authority:HCK
con05,Condition 5,"The total amount of floorspace developed shall not exceed 88,524 sq,m (Gross Internal Area) and 100,033 sq.m (Gross External Area).",To ensure the development is in accordance with the regulatory plans and particulars of the application.,local-authority:HCK
con06,Condition 6,"The amount of floorspace in each respective Development Zone (as indicated on the Regulatory Plans hereby approved) shall not exceed the amount detailed within the following table (Table 1), unless otherwise agreed in writing with the Local Planning Authority: Table 1: Development Zone Maximum Floorspace GIA (sq.m) Maximum Floorspace GEA (sq.m) A 6343 7145 C 5540 6262 D 19704 (16704*) 22266 (18876*) E 7177 8109 F 9315 10525 G 8238 9310 H 10130 11447 I 12371 13979 J 12726 (9726*) 14380 (10990*) * Maximum Area without basement car parking",To ensure the development is in accordance with the regulatory plans and particulars of the application.,local-authority:HCK
con07,Condition 7,"The amount of floorspace of each land use hereby approved shall not exceed the amount detailed within the following table (Table 2), unless otherwise agreed in writing with the Local Planning Authority: Table 2: Land Use or Use Class Maximum Floorspace GIA (sq.m) Maximum Floorspace GEA (sq.m) Residential (Use Class C3) 80630 91112 Business workspace (Use Class B1)* 1010 1140 Mixed Use (Use Class A1, A2, A3, A4, A5, D1, D2) 950 1075 Parking, Plant and Storage 6600 7458 Energy Centre 344 388 *Only in place of Residential (Use Class C3)",To ensure the development is in accordance with the regulatory plans and particulars of the application.,local-authority:HCK
con08,Condition 8,"The residential accommodation hereby approved shall not exceed 884 units overall, unless otherwise agreed in writing with the Local Planning Authority.",To ensure the development is in accordance with the regulatory plans and particulars of the application,local-authority:HCK
con09,Condition 9,"Within each Development Zone hereby approved a playable space of at least the area detailed within the following table shall be provided (Table 3), unless otherwise agreed in writing with the Local Planning Authority: Table 3: Development Zone Minimum Area of Playable Space (sq.m) A 252 C 455 D 245 E 177 F 532 G 450 H 537 I 716 J 685",To ensure that adequate provision is made as part of the development for playable space for children aged from 0 to 11.,local-authority:HCK
con10,Condition 10,"The development shall include at least 400 sqm of floorspace (GEA) for use as Retail (Use Class A1), Financial and professional services (Use Class A2), Restaurants and caf? (Use Class A3), Drinking establishments (Use Class A4), Hot food takeaways (Use Class A5), unless otherwise agreed in writing by the Local Planning Authority. At least 80% of all of the Use Class A floorspace shall be used only for Retail (Use Class A1), unless otherwise agreed in writing by the Local Planning Authority.","To ensure that adequate retail and other service facilities are provided as part of the development for future residents, and to enhance the vitality and viability of any retail floorspace provided.",local-authority:HCK
con11,Condition 11,"The development shall include at least 250 sqm of floorspace (GEA) for use as a community centre (Use Class D1), unless otherwise agreed in writing by the Local Planning Authority.",To ensure that adequate community facilities are provided as part of the development for future residents,local-authority:HCK
con12,Condition 12,"The financial and professional services (Use Class A2) hereby approved shall not be used for the purpose of a betting office, unless otherwise agreed in writing by the Local Planning Authority.",In the interest of the general amenity of the area.,local-authority:HCK
con13,Condition 13,"No more than 0.3 car parking spaces per residential units (including disabled car parking spaces) shall be provided, unless otherwise agreed in writing by the Local Planning Authority.",To ensure that adequate car parking is provided for future residents.,local-authority:HCK
con14,Condition 14,"At least 26 disabled car parking spaces shall be provided, unless otherwise agreed in writing by the Local Planning Authority.",To ensure a socially inclusive and sustainable development and that a reasonable minimum level of parking spaces is provided for use by people with disabilities.,local-authority:HCK
con15,Condition 15,"At least 20% of all car parking spaces shall have electrical charging points, unless otherwise agreed in writing by the Local Planning Authority.",To ensure that a reasonable minimum level of electrical charging points for electrical cars are provided.,local-authority:HCK
con16,Condition 16,"All residential units shall be designed and constructed to achieve Lifetime Homes Standards, unless otherwise agreed in writing with the Local Planning Authority.",To ensure that all residential accommodation is built to a good standard.,local-authority:HCK
con17,Condition 17,Reserved Matters Applications for each phase shall demonstrate that all of the residential units hereby approved will be designed and constructed as far as practicable to meet the standards contained within the ?Interim London Housing Design Guide? published by the Mayor of London.,To ensure that reasonable living conditions for future occupiers.,local-authority:HCK
con18,Condition 18,"At least 10% of all units shall be built to wheelchair accessible standards or capable of easy adaptation to wheelchair accessible standards, unless otherwise agreed in writing with the Local Planning Authority.",To ensure that adequate accommodation is made for people with disabilities as part of the development.,local-authority:HCK
con19,Condition 19,"All residential accommodation will be provided with private amenity space in the form of a balcony, terrace and/or private garden of at least the following size: 1-bedroom 5 sq.m 2-bedroom 6 sq.m 3-bedroom 8 sq.m 4-bedroom 9 sq.m unless otherwise agreed in writing with the Local Planning Authority.",To ensure that adequate private amenity space is provided to all new residential units.,local-authority:HCK
con20,Condition 20,"The development hereby approved shall be designed and constructed to meet the minimum design and build standards for security outlined in the ?Secured by Design? (SBD) standards, unless otherwise agreed in writing with the Local Planning Authority.",To ensure that the potential for crime and the perception of crime is reduced.,local-authority:HCK
con21,Condition 21,"Prior to the occupation of 370 residential units an Energy Centre shall be provided, and all completed Development Zones shall be connected to the Energy Centre by a District-wide Heat Network and all subsequently completed Development Zones shall be connected to the Energy Centre by a District-wide Heat Network, unless otherwise agreed in writing by the Local Planning Authority.",To ensure the development is in accordance with the particulars of the application hereby approved and to ensure the efficient provision of energy and heat to all parts of the development.,local-authority:HCK
con22,Condition 22,"No soil stacks, soil vent pipes, flues, ductwork or any other pipework shall be fixed to the street-facing elevations of the buildings hereby approved, unless otherwise agreed in writing by the Local Planning Authority.",To ensure that the external appearance of the building is satisfactory and does not detract from the character and visual amenity of the area.,local-authority:HCK
con23,Condition 23,"Prior to the occupation of the development hereby approved, a public realm and landscape management plan, to include long term design objectives, management responsibilities and maintenance schedules for all hard and soft landscape areas, shall be submitted to and approved in writing by the Local Planning Authority. The landscape management plan shall be carried out as approved unless otherwise approved in writing by the Local Planning Authority.",To ensure a satisfactory appearance of the development in maintained.,local-authority:HCK
con24,Condition 24,"Prior to the commencement of the development hereby approved, a lighting strategy to include details of all lighting to external areas shall be submitted to and approved in writing by the Local Planning Authority.","To ensure: an appropriate lighting environment is provided to all external areas; light spill is avoided and residential amenity protected, and; a satisfactory appearance of the site.",local-authority:HCK
con25,Condition 25,Prior to the commencement of the development hereby approved a feasibility study shall be carried out to assess the potential for moving freight by water during the construction cycle (waste and bulk materials) and following occupation of the development (waste and recyclates). The use of waterborne transport shall be maximised during the construction of the development unless the above assessment demonstrates that such use of the canal is not physically or economically feasible.,To encourage the use of the canal for transporting waste and bulk materials in accordance with Blue Ribbon Network Policies of the London Plan.,local-authority:HCK
con26,Condition 26,"Prior to the commencement of the development hereby approved a Site Waste Management Plan, detailing the reduction and recycling of demolition and construction waste, The development shall not be carried out otherwise than in accordance with the details thus approved and shall be fully implemented before the premises are first occupied.",To ensure that waste from demolition and construction is minimised as par as possible.,local-authority:HCK
con27,Condition 27,1. A scheme to maximise the use of sustainable drainage of the site in accordance with the London Plan hierarchy including the following: a. Detailed examination of all roof surfaces to maximise green and brown roofs which in any case should not be less than 50% of the total roof area. b. Detailed examination of all ground /podium surfaces to maximise landscaped areas throughout the development which in any case should not be less than 50% of the courtyard area. c. Detailed examination of all paved areas to maximise permeable surfacing which in any case should not be less than those areas shown to be pedestrianised and for car parking. d. Detailed examination of the ground and context of the site to maximise use of techniques for infiltrating surface water to ground. 2. An overall drainage scheme including the following mitigation measures detailed: a. The phasing of development in conjunction with a drainage design that limits surface water run off for rainfall events up to the 1 in 100 year cc rainfall event to greenfield rates with an acceptable minimum of 5.0l/s from each development zones. b. A drainage design showing containment of surface water to prevent surface flooding up to the 1 in 30 year cc critical rainfall event c. Demonstration by use of drawings and details that surface water runoff can be contained on site to a 1in 100 year cc critical rainfall event and subsequently satisfactorily discharged.,To prevent flooding on site and elsewhere by ensuring the satisfactory storage/disposal of surface water from the site. To ensure surface water runoff is managed maximising the use of sustainable drainage systems and principles and to reduce the volume of run off from the developed site. This condition is supported by PPS25 Para F6 and London Plan policy 5.13. For development zones ?I ? and ?Public Realm? consideration of greenfield run off from the 1 in 1 year and 1 in 30 year rainfall events should also be examined to inform a,local-authority:HCK
con28,Condition 28,"Prior to the commencement of the development a schematic design of the District-wide Heat Network and location of the Energy Centre shall be submitted and approved in writing by the Local Planning Authority. The schematic design should be adhered to in the design of the all phases of development, unless otherwise agreed in writing by the Local Planning Authority.",To ensure the development is in accordance with the particulars of the application hereby approved and to ensure the efficient provision of energy and heat to all parts of the development.,local-authority:HCK
con29,Condition 29,"Prior to the commencement of the development a Biodiversity Enhancement Plan, including a strategy for habitat enhancements in respect of birds and bat roosting enhancements undertaken in consultation with an suitably qualified ecologist following all necessary further bat surveys has been undertaken shall be submitted to and approved in writing by the Local Planning Authority. The development shall not be carried out otherwise than in accordance with the details thus approved, unless otherwise agreed in writing by the Local Planning Authority.",To enhance the character and ecology of the development in line with Hackney policy and PPS 9.,local-authority:HCK
con30,Condition 30,"Prior to the commencement of any phase of development full details and samples of all external materials including any window frames, doors, cladding panels, brick work, and/or balconies shall be submitted to and approved in writing by the Local Planning Authority. The development shall not be carried out other than in accordance with the details as approved, unless otherwise agreed in writing with the Local Planning Authority.",To ensure that the external appearance of the development is satisfactory.,local-authority:HCK
con31,Condition 31,"Prior to the commencement of any phase of development full details and samples of all ground surface materials and details of any fences, gates of other boundary treatment shall be submitted to and approved in writing by the Local Planning Authority. The development shall not be carried out other than in accordance with the details thus approved, unless otherwise agreed in writing with the Local Planning Authority.",To ensure that all external areas of the development are of a satisfactory appearance,local-authority:HCK
con32,Condition 32,"Prior to the commencement of any phase of development, a hard and soft landscaping scheme illustrated on detailed drawings, shall be submitted to and approved in writing by the Local Planning Authority. Details shall include: all trees and other planting showing location, species, type of stock, numbers of trees/plants, and areas to be seeded or turfed. All landscaping in accordance with the scheme, when approved, shall be carried out within a period of twelve months from the date on which the development of the site commences or shall be carried out in the first planting (and seeding) season following completion of the development, and shall be maintained to the satisfaction of the Local Planning Authority for a period of ten years, such maintenance to include the replacement of any plants that die, or are severely damaged, seriously diseased, or removed.","To enhance the character, appearance and ecology of the development and contribution to green infrastructure.",local-authority:HCK
con33,Condition 33,"Prior to the commencement of any phase of development, a tree survey detailing trees to be transplanted and retained, including the methodology for transplanting trees and measures to protect retained trees during demolition and construction, shall be submitted to and approved in writing by the Local Planning Authority. The development shall not be carried out other than in accordance with the details thus approved, unless otherwise agreed in writing with the Local Planning Authority.",To ensure that any risk of damage to trees during construction is minimised.,local-authority:HCK
con34,Condition 34,"Prior to the commencement of any phase of development, a daylight and sunlight report, detailing the level of daylight and sunlight received by all new residential units, shall be submitted to and approved in writing by the Local Planning Authority.",To ensure that the design and layout of the residential units allows for adequate daylight and sunlight for the amenity of future occupiers.,local-authority:HCK
con35,Condition 35,"Prior to the commencement of any phase of development, details of the design of all playable space, play equipment and street furniture shall be submitted to and approved in writing by the Local Planning Authority. Such details as approved shall be implemented prior to the occupation of the development and shall thereafter be retained, unless otherwise agreed in writing with the Local Planning Authority.","In the interest of the visual amenity of the development and wider area, and to meet the needs of future residents.",local-authority:HCK
con36,Condition 36,"Prior to the commencement of any phase of development, full details of the arrangements for storage for refuse and recycling areas shall be submitted to and approved in writing by the Local Planning Authority. Such details as approved shall be implemented prior to the occupation of the development and shall thereafter be retained, unless otherwise agreed in writing with the Local Planning Authority.",To protect the amenity of future residents and to ensure that there is adequate provision for the hygienic and convenient storage of refuse and recycling.,local-authority:HCK
con37,Condition 37,"Prior to the commencement of any phase of development, a detailed layout of any parking area and spaces, including to basements, undercroft or on-street, shall be submitted to and approved in writing by the Local Planning Authority. As well as the general layout of the car parking spaces details shall also be provided of: the demarcation of spaces; any signs; any disabled car parking spaces (and to be conveniently located in relation to wheelchair accessible or wheelchair adaptation standard units); electric charging points; the detailed design of any entrance ramps (if within a basement), and the detailed design of any entrance gates (or similar), access controls, or lighting (if within basement or undercroft). Such details as approved shall be implemented prior to the occupation of the development and shall thereafter be retained, unless otherwise agreed in writing with the Local Planning Authority.",In the interests of orderly and satisfactory parking provisions being made on the site to ensure that the proposed development does not prejudice the free flow of traffic or public safety along the adjoining highway.,local-authority:HCK
con38,Condition 38,"Prior to the commencement of any phase of development, details of secure bicycle storage facilities, including layout, stand type and spacing, shall be submitted to and approved in writing by the Local Planning Authority. Such details as approved shall be implemented prior to the occupation of the development and shall thereafter be retained, unless otherwise agreed in writing with the Local Planning Authority.",To ensure that adequate provision for the safe and secure storage off bicycles is made for occupants and visitors.,local-authority:HCK
con39,Condition 39,"Prior to the commencement of any phase of development, an assessment of the nature and extent of contamination shall be submitted to and approved in writing by the Local Planning Authority. This assessment must be undertaken by a competent person, and shall assess any contamination on the site, whether or not it originates on the site. Moreover, it must include: (i) a survey of the extent, scale and nature of contamination; (ii) an assessment of the potential risks to: human health, property (existing or proposed) including buildings, crops, livestock, pets, woodland and service lines and pipes, adjoining land, groundwaters and surface waters, ecological systems, archaeological sites and ancient monuments.","To protect the end user(s) of the development, any adjacent land user(s) and the environment from contamination in line with Planning Policy Statement 23",local-authority:HCK
con40,Condition 40,"Prior to the commencement of any phase of development, a detailed remediation scheme to bring the site to a condition suitable for the intended use by removing unacceptable risks to human health, buildings and other property and the natural and historical environment shall be submitted to and approved in writing by the Local Planning Authority. The scheme must include all works to be undertaken, proposed remediation objectives and remediation criteria, an appraisal of remedial options, and proposal of the preferred option(s), and a timetable of works and site management procedures. The scheme must ensure that the site will not qualify as contaminated land under Part 2A of the Environmental Protection Act 1990 in relation to the intended use of the land after remediation.","To protect the end user(s) of the development, any adjacent land user(s) and the environment from contamination in line with Planning Policy Statement 23",local-authority:HCK
con41,Condition 41,"The remediation scheme shall be implemented in accordance with the approved timetable of works. Within 3 months of the completion of measures identified in the approved remediation scheme, a validation report (that demonstrates the effectiveness of the remediation carried out) must be submitted to the Local Planning Authority.","To protect the end user(s) of the development, any adjacent land user(s) and the environment from contamination in line with Planning Policy Statement 23",local-authority:HCK
con42,Condition 42,"In the event that contamination is found at any time when carrying out the approved development that was not previously identified it must be reported in writing within 7 days to the Local Planning Authority and once the Local Planning Authority has identified the part of the site affected by the unexpected contamination development must be halted on that part of the site. An assessment must be undertaken in accordance with the requirements of condition 39, and where remediation is necessary a remediation scheme, together with a timetable for its implementation, must be submitted to and approved in writing by the Local Planning Authority in accordance with the requirements of condition 40. The measures in the approved remediation scheme must then be implemented in accordance with the approved timetable. Following completion of measures identified in the approved remediation scheme a validation report must be submitted to and approved in writing by the Local Planning Authority in accordance with condition 41.","To protect the end user(s) of the development, any adjacent land user(s) and the environment from contamination in line with Planning Policy Statement 23",local-authority:HCK
con43,Condition 43,"Prior to the commencement of any phase of development, full details of a biodiverse, substrate-based extensive green roof (of variable depth between 80mm and 150mm), to include a detailed maintenance plan, shall be submitted to and approved in writing by the Local Planning Authority. The development shall not be carried out otherwise than in accordance with the details thus approved and shall be fully implemented before the premises are first occupied.","To enhance the character and ecology of the development, to provide undisturbed refuges for wildlife, to promote sustainable urban drainage, and to enhance the performance and efficiency of the proposed building.",local-authority:HCK
con44,Condition 44,"All residential premises shall be designed in accordance with BS8233:1999 'Sound insulation and noise reduction for buildings-Code of Practice' to attain the following internal noise levels: Criterion Typical situations Design range LAeq, T Good resting conditions Living rooms 30 dB (day: T =16 hours 07:00 ? 23:00) Good sleeping conditions Bedrooms 30 dB (night: T = 8 hours 23:00 ? 07:00) LAmax 45 dB (night 23:00 ? 07:00) Prior to the occupation of any phase of development, a test shall be carried out to show the standard of sound insulation required has been met and the results shall be submitted to the Local Planning Authority for approval in writing.",To ensure that the occupiers and users of the proposed development do not suffer a loss of amenity by reason of excess noise from environmental and transportation sources.,local-authority:HCK
con45,Condition 45,"Prior to the commencement of any phase of development details of the design and location of the relevant part of the District-Wide Heat Network shall be submitted and approved in writing by the Local Planning Authority. The development shall not be carried out other than in accordance with the details as approved, unless otherwise agreed in writing by the Local Planning Authority.",To ensure the development is in accordance with the particulars of the application hereby approved and to ensure the efficient provision of energy and heat to all parts of the development.,local-authority:HCK
con46,Condition 46,"Prior to the commencement of any phase of development details of a bat survey, prepared in line with the recommendations of the Bat Survey of Ecology Consulting dated June 2011, shall be submitted to and approved in writing by the Local Planning Authority.",To ensure the development does not impact on protected species.,local-authority:HCK
con47,Condition 47,"Prior to the commencement of any phase of the development adjoining the waterway hereby approved a survey of the condition of the waterway wall, and a method statement and schedule of the repairs identified shall be submitted to and approved in writing by the Local Planning Authority. Any heritage features and materials identified by the survey shall be made available for inspection by British Waterways and where appropriate, preserved in situ or reclaimed and re- used elsewhere on site or on a nearby waterway wall. The repair works identified shall be carried out in accordance with the method statement and repairs schedule by a date to be agreed in the repairs schedule.","In the interest of the structural integrity of the waterway wall, waterway heritage, navigational safety and visual amenity.",local-authority:HCK
con48,Condition 48,"Prior to the commencement of any phase of the development adjoining the waterway a Risk Assessment and Method Statement outlining all works to be carried out adjacent to the water shall be submitted and approved in writing by the Local Planning Authority, in consultation with British Waterways.","In the interest of the structural integrity of the waterway wall, waterway heritage, navigational safety and visual amenity.",local-authority:HCK
con49,Condition 49,"Prior to the commencement of any phase of the development adjoining the waterway full details of a specific waterways landscaping scheme shall be submitted to and approved in writing by the Local Planning Authority, in consultation with British Waterways. The landscaping scheme should include reference to plant species types, surface treatments, fences and walls, any signage and information boards together with the means of on-going maintenance for a five year period. The approved landscaping scheme shall be implemented by the first planting scheme after the development commences.","In the interest of preserving open views to and from the canal, the living environment for future residents and the canal setting.",local-authority:HCK
con50,Condition 50,"Prior to the commencement of any phase of the development adjoining the waterway, full details of any proposed lighting and CCTV scheme shall be submitted to and approved in writing by the Local Planning Authority, in consultation with British Waterways. The approved lighting and CCTV scheme should be implemented prior to first occupation of the relevant part of the development.","In the interest of crime prevention, ecology, visual amenity and the canal setting.",local-authority:HCK
con51,Condition 51,"Prior to the commencement of any phase of the development adjoining the waterway, an assessment of potential biodiversity impacts of any proposed canal access and or ?canal walkway? shall be submitted to and approved in writing by the Local Planning Authority. The development shall not be carried out otherwise than in accordance with the details thus approved and shall be fully implemented before the premises are first occupied.",To conserve and enhance the wildlife value of the canal in line with Core Strategy Policies 27 and 28 and the Mayors Biodiversity Strategy.,local-authority:HCK
con52,Condition 52,"Prior to the commencement of any development within Development Zone D hereby approved, a detailed wind assessment shall be submitted to and approved in writing by the Local Planning Authority. The wind assessment shall provide details of the wind micro-climate conditions at building entrances and to relevant locations of open space and amenity space adjacent to the development and in the vicinity of the site and set out any mitigation measures to be required. Any mitigation measures shall be implemented in full and retained as such, unless otherwise in writing by the Local Planning Authority.",To ensure that the wind micro-climate does not adversely impact on the amenity of the immediate surroundings.,local-authority:HCK
con53,Condition 53,"Prior to the commencement of any phase of development which contains a use falling within Use Class A1, A2, A3, A4, or A5 (as defined by the Town and Country Planning (Use Classes) Order 1987 (as amended)) details of the design of the shopfront and location, type and size of signage shall be submitted to and approved in writing by the Local Planning Authority. The development shall not be carried out other than in accordance with the details thus approved, unless otherwise agreed in writing with the Local Planning Authority.",To ensure that the external appearance of the development is satisfactory.,local-authority:HCK
con54,Condition 54,"No Use Class A3 or A5 use shall commence on site until detailed plans and specification of the appearance of and the equipment comprising an extract ventilation system which shall include measures to alleviate noise, vibration, fumes and odours (and incorporating active carbon filters, silencer(s), and anti vibration mountings where necessary) have been submitted to and approved in writing by the Local Planning Authority. After the system has been approved, it shall be installed in accordance with the approved plans and specification before any Use Class A3 or A5 use is implemented, and shall thereafter be permanently maintained in accordance with the approved specification.",In the interest of adjoining residential amenity,local-authority:HCK
con55,Condition 55,"i) The rating level of the noise emitted from the energy centre on the site shall be 10dB below the existing background level at any time. The noise levels shall be determined at the facade of any noise sensitive property. The measurements and assessments shall be made according to BS4142:1997. ii) Development (of the relevant phase) shall not commence until details of a scheme complying with paragraph (i) of this condition have been submitted to and approved in writing by the Local Planning Authority. iii) The development (of the relevant phase) shall not be occupied until the scheme approved pursuant to paragraph (ii) of this condition has been implemented in its entirety. Thereafter, the scheme shall be maintained in perpetuity unless otherwise agreed in writing by the Local Planning Authority.",In the interest of adjoining residential amenity,local-authority:HCK
con56,Condition 56,"Prior to the commencement of Development Zone E, details of the design of the Energy Centre shall be submitted to and approved in writing by the Local Planning Authority. The development shall not be carried out other than in accordance with the details as approved, unless otherwise agreed in writing by the Local Planning Authority.",To ensure the development is in accordance with the particulars of the application hereby approved and to ensure the efficient provision of energy and heat to all parts of the development.,local-authority:HCK
con57,Condition 57,"Prior to the commencement of of any development within Zone C full details of a replacement bus layover and bus turnaround scheme (including any temporary arrangements during construction) shall be submitted to and approved in writing by the Local Planning Authority. The scheme as approved shall be implemented in full and retained as such prior to the commencement of any development within Zone C, unless otherwise agreed in writing by the Local Planning Authority.",To ensure that suitable bus layover and turning facilities are continuously provided in this vicinity in order to support the efficient operation of the bus network and in accordance with London Plan policy 6.2 and the Land for Transport SPG.,local-authority:HCK
condition-01,Condition 1,The development hereby permitted must be begun not later than the expiration of three years beginning with the date of this permission.,In order to comply with the provisions of the Town and Country Planning Act 1990 as amended.,local-authority:HCK
condition-02,Condition 2,The Development hereby permitted shall only be carried out and completed strictly in accordance with the submitted plans hereby approved and any subsequent approval of details.,To ensure that the development hereby permitted is carried out in full accordance with the plans hereby approved.,local-authority:HCK
condition-03,Condition 3,"All new external finishes in respect of all the works hereby approved (and any other incidental works to be carried out in this connection) shall match the existing building in respect of materials used, detailed execution and finished appearance.",To ensure that the external appearance of the building is satisfactory and does not detract from the character and visual amenity of the area.,local-authority:HCK
condition-04,Condition 4,"No development shall commence, other than works of demolition, until a detailed specification and a drainage layout of at least one suitable sustainable drainage systems (i.e. water butt, raingarden, bioretention planter box, living roof (substrate depth of 80-150mm excluding the vegetative mat), permeable paving etc.) has been submitted to, and approved by the LPA, in consultation with the SuDS officer. If soakaways i.e. plastic modules and soakaway rings are used, an infiltration test must be carried out to ensure that the capacity of the soil is suitable for infiltration. It must be demonstrated that there will be no increase in surface water flow being discharged offsite and an overall reduction in peak flow rate and volume for all return periods up to the 1 in 100 year storm events plus an allowance for climate change.",In the interests of prevention of exacerbation of surface water flood risk to adjoining land.,local-authority:HCK
condition-05,Condition 5,"The roof of the extension shall not be used for any purpose other than as a means of escape in emergency or for maintenance of the building. In particular the roof shall not be used as a roof terrace, balcony or any other amenity area.",To safeguard the amenities of the adjoining premises and the area generally.,local-authority:HCK
